Smelter,Regency,Year,Year_Scaled,Latitude,Longitude,Coal_MW,CO2_Mt,RE_share_pct,GHG_Intensity,Target_PDRB_Smelter
Gunbuster Nickel Industry,North Morowali Regency,2020,0.0,-2.00042547039831,121.43504311042,2295.0,14.475024,0.0,68.0,15.56749267324291
Gunbuster Nickel Industry,North Morowali Regency,2024,0.26666666666666666,-2.00042547039831,121.43504311042,2295.0,14.475024,0.0,68.0,27.412312199260175
Gunbuster Nickel Industry,North Morowali Regency,2029,0.6,-2.00042547039831,121.43504311042,2295.0,14.475024,0.0,68.0,-0.11452653790983185
Gunbuster Nickel Industry,North Morowali Regency,2035,1.0,-2.00042547039831,121.43504311042,2295.0,14.475024,0.0,68.0,-0.04462074572826018
Indonesia Tsingshan Stainless Steel,Morowali Regency,2020,0.0,-2.83238130604301,122.161456778463,1400.0,8.83008,0.0,68.0,2.021505114043189
Indonesia Tsingshan Stainless Steel,Morowali Regency,2024,0.26666666666666666,-2.83238130604301,122.161456778463,1400.0,8.83008,0.0,68.0,3.5596393114126967
Indonesia Tsingshan Stainless Steel,Morowali Regency,2029,0.6,-2.83238130604301,122.161456778463,1400.0,8.83008,0.0,68.0,-0.01487899444393843
Indonesia Tsingshan Stainless Steel,Morowali Regency,2035,1.0,-2.83238130604301,122.161456778463,1400.0,8.83008,0.0,68.0,-0.005788311927280757
Nadesico Nickel Industry,North Morowali Regency,2020,0.0,-2.01427457604686,121.430177208944,0.0,5.44,0.0,68.0,5.850571311138514
Nadesico Nickel Industry,North Morowali Regency,2024,0.26666666666666666,-2.01427457604686,121.430177208944,0.0,5.44,0.0,68.0,10.302088505274696
Nadesico Nickel Industry,North Morowali Regency,2029,0.6,-2.01427457604686,121.430177208944,0.0,5.44,0.0,68.0,-0.04304133562952886
Nadesico Nickel Industry,North Morowali Regency,2035,1.0,-2.01427457604686,121.430177208944,0.0,5.44,0.0,68.0,-0.016769357809820237
Genba Multi Mineral,North Morowali Regency,2020,0.0,-2.14061,121.54069,700.0,4.41504,0.0,60.0,4.7482548458692975
Genba Multi Mineral,North Morowali Regency,2024,0.26666666666666666,-2.14061,121.54069,700.0,4.41504,0.0,60.0,8.361053829839705
Genba Multi Mineral,North Morowali Regency,2029,0.6,-2.14061,121.54069,700.0,4.41504,0.0,60.0,-0.034931841628271156
Genba Multi Mineral,North Morowali Regency,2035,1.0,-2.14061,121.54069,700.0,4.41504,0.0,60.0,-0.013609813511887638
Sulawesi Mining Investment,Morowali Regency,2020,0.0,-2.82450203373249,122.162005624412,640.0,4.036608,0.0,134.6,0.9241166235626005
Sulawesi Mining Investment,Morowali Regency,2024,0.26666666666666666,-2.82450203373249,122.162005624412,640.0,4.036608,0.0,134.6,1.6272636852172326
Sulawesi Mining Investment,Morowali Regency,2029,0.6,-2.82450203373249,122.162005624412,640.0,4.036608,0.0,134.6,-0.006801826031514711
Sulawesi Mining Investment,Morowali Regency,2035,1.0,-2.82450203373249,122.162005624412,640.0,4.036608,0.0,134.6,-0.002646085452471203
Oracle Nickel,Morowali Regency,2020,0.0,-2.86090888374523,122.155868800702,0.0,2.448,0.0,68.0,0.5604303153740086
Oracle Nickel,Morowali Regency,2024,0.26666666666666666,-2.86090888374523,122.155868800702,0.0,2.448,0.0,68.0,0.9868536903786015
Oracle Nickel,Morowali Regency,2029,0.6,-2.86090888374523,122.155868800702,0.0,2.448,0.0,68.0,-0.004124965843883778
Oracle Nickel,Morowali Regency,2035,1.0,-2.86090888374523,122.155868800702,0.0,2.448,0.0,68.0,-0.0016047179185220625
Lestari Smelter Indonesia,Morowali Regency,2020,0.0,-2.85057947264716,122.168994610921,350.0,2.20752,0.0,68.0,0.5053762785107972
Lestari Smelter Indonesia,Morowali Regency,2024,0.26666666666666666,-2.85057947264716,122.168994610921,350.0,2.20752,0.0,68.0,0.8899098278531742
Lestari Smelter Indonesia,Morowali Regency,2029,0.6,-2.85057947264716,122.168994610921,350.0,2.20752,0.0,68.0,-0.0037197486109846077
Lestari Smelter Indonesia,Morowali Regency,2035,1.0,-2.85057947264716,122.168994610921,350.0,2.20752,0.0,68.0,-0.0014470779818201893
Walsin Nickel Industrial Indonesia,Morowali Regency,2020,0.0,-2.8577087407882,122.159837893722,350.0,2.20752,0.0,68.0,0.5053762785107972
Walsin Nickel Industrial Indonesia,Morowali Regency,2024,0.26666666666666666,-2.8577087407882,122.159837893722,350.0,2.20752,0.0,68.0,0.8899098278531742
Walsin Nickel Industrial Indonesia,Morowali Regency,2029,0.6,-2.8577087407882,122.159837893722,350.0,2.20752,0.0,68.0,-0.0037197486109846077
Walsin Nickel Industrial Indonesia,Morowali Regency,2035,1.0,-2.8577087407882,122.159837893722,350.0,2.20752,0.0,68.0,-0.0014470779818201893
Indonesia Guang Ching Nickel and SSI,Morowali Regency,2020,0.0,-2.82831965030396,122.162319664885,300.0,1.89216,0.0,68.0,0.43317966729496904
Indonesia Guang Ching Nickel and SSI,Morowali Regency,2024,0.26666666666666666,-2.82831965030396,122.162319664885,300.0,1.89216,0.0,68.0,0.7627798524455779
Indonesia Guang Ching Nickel and SSI,Morowali Regency,2029,0.6,-2.82831965030396,122.162319664885,300.0,1.89216,0.0,68.0,-0.0031883559522725207
Indonesia Guang Ching Nickel and SSI,Morowali Regency,2035,1.0,-2.82831965030396,122.162319664885,300.0,1.89216,0.0,68.0,-0.0012403525558458766
Bahodopi Nickel Smelting Indonesia,Morowali Regency,2020,0.0,-3.09094,122.33023,0.0,1.71696,0.0,13.4,0.39307043884173115
Bahodopi Nickel Smelting Indonesia,Morowali Regency,2024,0.26666666666666666,-3.09094,122.33023,0.0,1.71696,0.0,13.4,0.6921520883302467
Bahodopi Nickel Smelting Indonesia,Morowali Regency,2029,0.6,-3.09094,122.33023,0.0,1.71696,0.0,13.4,-0.0028931378085435833
Bahodopi Nickel Smelting Indonesia,Morowali Regency,2035,1.0,-3.09094,122.33023,0.0,1.71696,0.0,13.4,-0.0011255050969712584
Huayue Nickel Cobalt,Morowali Regency,2020,0.0,-2.85111166723729,122.180043120576,250.0,1.5768,0.0,26.3,0.36098305607914083
Huayue Nickel Cobalt,Morowali Regency,2024,0.26666666666666666,-2.85111166723729,122.180043120576,250.0,1.5768,0.0,26.3,0.6356498770379816
Huayue Nickel Cobalt,Morowali Regency,2029,0.6,-2.85111166723729,122.180043120576,250.0,1.5768,0.0,26.3,-0.002656963293560434
Huayue Nickel Cobalt,Morowali Regency,2035,1.0,-2.85111166723729,122.180043120576,250.0,1.5768,0.0,26.3,-0.0010336271298715637
Zhao Hui Nickel,Morowali Regency,2020,0.0,-2.85963986226067,122.155000831011,0.0,1.564,0.0,68.0,0.35805270148894996
Zhao Hui Nickel,Morowali Regency,2024,0.26666666666666666,-2.85963986226067,122.155000831011,0.0,1.564,0.0,68.0,0.6304898577418844
Zhao Hui Nickel,Morowali Regency,2029,0.6,-2.85963986226067,122.155000831011,0.0,1.564,0.0,68.0,-0.0026353948447035255
Zhao Hui Nickel,Morowali Regency,2035,1.0,-2.85963986226067,122.155000831011,0.0,1.564,0.0,68.0,-0.001025236447944651
CORII RKEF,Morowali Regency,2020,0.0,-1.93869141224428,121.320296797426,0.0,1.36,0.0,68.0,0.3113501752077826
CORII RKEF,Morowali Regency,2024,0.26666666666666666,-1.93869141224428,121.320296797426,0.0,1.36,0.0,68.0,0.5482520502103343
CORII RKEF,Morowali Regency,2029,0.6,-1.93869141224428,121.320296797426,0.0,1.36,0.0,68.0,-0.0022916476910465437
CORII RKEF,Morowali Regency,2035,1.0,-1.93869141224428,121.320296797426,0.0,1.36,0.0,68.0,-0.0008915099547344792
Bukit Smelter Indonesia,Morowali Regency,2020,0.0,-2.85005087260833,122.167514383938,0.0,1.292,0.0,68.0,0.2957826664473934
Bukit Smelter Indonesia,Morowali Regency,2024,0.26666666666666666,-2.85005087260833,122.167514383938,0.0,1.292,0.0,68.0,0.5208394476998175
Bukit Smelter Indonesia,Morowali Regency,2029,0.6,-2.85005087260833,122.167514383938,0.0,1.292,0.0,68.0,-0.0021770653064942165
Bukit Smelter Indonesia,Morowali Regency,2035,1.0,-2.85005087260833,122.167514383938,0.0,1.292,0.0,68.0,-0.0008469344569977553
Cahaya Smelter Indonesia,Morowali Regency,2020,0.0,-2.85565622639356,122.168987996916,0.0,1.292,0.0,68.0,0.2957826664473934
Cahaya Smelter Indonesia,Morowali Regency,2024,0.26666666666666666,-2.85565622639356,122.168987996916,0.0,1.292,0.0,68.0,0.5208394476998175
Cahaya Smelter Indonesia,Morowali Regency,2029,0.6,-2.85565622639356,122.168987996916,0.0,1.292,0.0,68.0,-0.0021770653064942165
Cahaya Smelter Indonesia,Morowali Regency,2035,1.0,-2.85565622639356,122.168987996916,0.0,1.292,0.0,68.0,-0.0008469344569977553
Hengjaya Nickel Industry,Morowali Regency,2020,0.0,-2.84720726843122,122.164215585423,0.0,1.02,0.0,68.0,0.23351263140583692
Hengjaya Nickel Industry,Morowali Regency,2024,0.26666666666666666,-2.84720726843122,122.164215585423,0.0,1.02,0.0,68.0,0.41118903765775067
Hengjaya Nickel Industry,Morowali Regency,2029,0.6,-2.84720726843122,122.164215585423,0.0,1.02,0.0,68.0,-0.0017187357682849076
Hengjaya Nickel Industry,Morowali Regency,2035,1.0,-2.84720726843122,122.164215585423,0.0,1.02,0.0,68.0,-0.0006686324660508594
Ranger Nickel Industry,Morowali Regency,2020,0.0,-2.85105650826125,122.163937924412,0.0,1.02,0.0,68.0,0.23351263140583692
Ranger Nickel Industry,Morowali Regency,2024,0.26666666666666666,-2.85105650826125,122.163937924412,0.0,1.02,0.0,68.0,0.41118903765775067
Ranger Nickel Industry,Morowali Regency,2029,0.6,-2.85105650826125,122.163937924412,0.0,1.02,0.0,68.0,-0.0017187357682849076
Ranger Nickel Industry,Morowali Regency,2035,1.0,-2.85105650826125,122.163937924412,0.0,1.02,0.0,68.0,-0.0006686324660508594
Wanxiang Nickel Indonesia,Morowali Regency,2020,0.0,-2.7385893251359,122.028568769438,150.0,0.94608,0.0,68.0,0.21658983364748452
Wanxiang Nickel Indonesia,Morowali Regency,2024,0.26666666666666666,-2.7385893251359,122.028568769438,150.0,0.94608,0.0,68.0,0.38138992622278894
Wanxiang Nickel Indonesia,Morowali Regency,2029,0.6,-2.7385893251359,122.028568769438,150.0,0.94608,0.0,68.0,-0.0015941779761362604
Wanxiang Nickel Indonesia,Morowali Regency,2035,1.0,-2.7385893251359,122.028568769438,150.0,0.94608,0.0,68.0,-0.0006201762779229383
Tsingshan Steel Indonesia,Morowali Regency,2020,0.0,-2.83150301383204,122.168885300445,130.0,0.819936,0.0,70.0,0.18771118916115323
Tsingshan Steel Indonesia,Morowali Regency,2024,0.26666666666666666,-2.83150301383204,122.168885300445,130.0,0.819936,0.0,70.0,0.3305379360597504
Tsingshan Steel Indonesia,Morowali Regency,2029,0.6,-2.83150301383204,122.168885300445,130.0,0.819936,0.0,70.0,-0.0013816209126514256
Tsingshan Steel Indonesia,Morowali Regency,2035,1.0,-2.83150301383204,122.168885300445,130.0,0.819936,0.0,70.0,-0.0005374861075332131
PT Metal Smelt Indo Selaras,Morowali Regency,2020,0.0,-3.04298747012378,122.264709376272,130.0,0.819936,0.0,68.0,0.18771118916115323
PT Metal Smelt Indo Selaras,Morowali Regency,2024,0.26666666666666666,-3.04298747012378,122.264709376272,130.0,0.819936,0.0,68.0,0.3305379360597504
PT Metal Smelt Indo Selaras,Morowali Regency,2029,0.6,-3.04298747012378,122.264709376272,130.0,0.819936,0.0,68.0,-0.0013816209126514256
PT Metal Smelt Indo Selaras,Morowali Regency,2035,1.0,-3.04298747012378,122.264709376272,130.0,0.819936,0.0,68.0,-0.0005374861075332131
Fajar Metal Industry Excelsior Nickel Cobalt Project,Morowali Regency,2020,0.0,-2.83822430529276,122.117733364886,0.0,0.804,0.0,13.4,0.18406289769636558
Fajar Metal Industry Excelsior Nickel Cobalt Project,Morowali Regency,2024,0.26666666666666666,-2.83822430529276,122.117733364886,0.0,0.804,0.0,13.4,0.32411371203610934
Fajar Metal Industry Excelsior Nickel Cobalt Project,Morowali Regency,2029,0.6,-2.83822430529276,122.117733364886,0.0,0.804,0.0,13.4,-0.0013547681938245743
Fajar Metal Industry Excelsior Nickel Cobalt Project,Morowali Regency,2035,1.0,-2.83822430529276,122.117733364886,0.0,0.804,0.0,13.4,-0.0005270397085342068
QMB New Energy Materials Indonesia,Morowali Regency,2020,0.0,-2.86010717942546,122.171462609067,0.0,0.67,0.0,13.4,0.15338574808030464
QMB New Energy Materials Indonesia,Morowali Regency,2024,0.26666666666666666,-2.86010717942546,122.171462609067,0.0,0.67,0.0,13.4,0.27009476003009114
QMB New Energy Materials Indonesia,Morowali Regency,2029,0.6,-2.86010717942546,122.171462609067,0.0,0.67,0.0,13.4,-0.0011289734948538121
QMB New Energy Materials Indonesia,Morowali Regency,2035,1.0,-2.86010717942546,122.171462609067,0.0,0.67,0.0,13.4,-0.000439199757111839
Dingxing New Energy,Morowali Regency,2020,0.0,-2.82271172342708,122.137055315572,0.0,0.67,0.0,13.4,0.15338574808030464
Dingxing New Energy,Morowali Regency,2024,0.26666666666666666,-2.82271172342708,122.137055315572,0.0,0.67,0.0,13.4,0.27009476003009114
Dingxing New Energy,Morowali Regency,2029,0.6,-2.82271172342708,122.137055315572,0.0,0.67,0.0,13.4,-0.0011289734948538121
Dingxing New Energy,Morowali Regency,2035,1.0,-2.82271172342708,122.137055315572,0.0,0.67,0.0,13.4,-0.000439199757111839
PT ESG New Energy Material,Morowali Regency,2020,0.0,-2.85718814631921,122.172082174176,0.0,0.402,0.0,13.4,0.09203144884818279
PT ESG New Energy Material,Morowali Regency,2024,0.26666666666666666,-2.85718814631921,122.172082174176,0.0,0.402,0.0,13.4,0.16205685601805467
PT ESG New Energy Material,Morowali Regency,2029,0.6,-2.85718814631921,122.172082174176,0.0,0.402,0.0,13.4,-0.0006773840969122872
PT ESG New Energy Material,Morowali Regency,2035,1.0,-2.85718814631921,122.172082174176,0.0,0.402,0.0,13.4,-0.0002635198542671034
Sulawesi Resources,Morowali Regency,2020,0.0,-2.70055948941961,121.98016583085,60.0,0.378432,0.0,68.0,0.0866359334589938
Sulawesi Resources,Morowali Regency,2024,0.26666666666666666,-2.70055948941961,121.98016583085,60.0,0.378432,0.0,68.0,0.15255597048911557
Sulawesi Resources,Morowali Regency,2029,0.6,-2.70055948941961,121.98016583085,60.0,0.378432,0.0,68.0,-0.0006376711904545041
Sulawesi Resources,Morowali Regency,2035,1.0,-2.70055948941961,121.98016583085,60.0,0.378432,0.0,68.0,-0.0002480705111691753
PT Meiming New Energy Material,Morowali Regency,2020,0.0,-2.86010279620949,122.145358157235,0.0,0.335,0.0,13.4,0.07669287404015232
PT Meiming New Energy Material,Morowali Regency,2024,0.26666666666666666,-2.86010279620949,122.145358157235,0.0,0.335,0.0,13.4,0.13504738001504557
PT Meiming New Energy Material,Morowali Regency,2029,0.6,-2.86010279620949,122.145358157235,0.0,0.335,0.0,13.4,-0.0005644867474269061
PT Meiming New Energy Material,Morowali Regency,2035,1.0,-2.86010279620949,122.145358157235,0.0,0.335,0.0,13.4,-0.0002195998785559195
CORII BF,Morowali Regency,2020,0.0,-1.93869141224428,121.320296797426,15.0,0.094608,0.0,11.8,0.02165898336474845
CORII BF,Morowali Regency,2024,0.26666666666666666,-1.93869141224428,121.320296797426,15.0,0.094608,0.0,11.8,0.03813899262227889
CORII BF,Morowali Regency,2029,0.6,-1.93869141224428,121.320296797426,15.0,0.094608,0.0,11.8,-0.00015941779761362602
CORII BF,Morowali Regency,2035,1.0,-1.93869141224428,121.320296797426,15.0,0.094608,0.0,11.8,-6.201762779229383e-05
Ang And Fang Brother,Morowali Regency,2020,0.0,-2.78683713746305,122.083405959012,0.0,0.046954,0.0,68.0,0.010749364799048694
Ang And Fang Brother,Morowali Regency,2024,0.26666666666666666,-2.78683713746305,122.083405959012,0.0,0.046954,0.0,68.0,0.018928402033511788
Ang And Fang Brother,Morowali Regency,2029,0.6,-2.78683713746305,122.083405959012,0.0,0.046954,0.0,68.0,-7.911913653338193e-05
Ang And Fang Brother,Morowali Regency,2035,1.0,-2.78683713746305,122.083405959012,0.0,0.046954,0.0,68.0,-3.0779381187207895e-05
Karunia Permai Sentosa,South Halmahera Regency,2020,0.0,-1.56863134432775,127.428752314741,0.0,12.58,0.0,68.0,1.0585710299719033
Karunia Permai Sentosa,South Halmahera Regency,2024,0.26666666666666666,-1.56863134432775,127.428752314741,0.0,12.58,0.0,68.0,1.8640632754127746
Karunia Permai Sentosa,South Halmahera Regency,2029,0.6,-1.56863134432775,127.428752314741,0.0,12.58,0.0,68.0,-0.007803767669059744
Karunia Permai Sentosa,South Halmahera Regency,2035,1.0,-1.56863134432775,127.428752314741,0.0,12.58,0.0,68.0,-0.003027706073061731
Obi Nickel Cobalt,South Halmahera Regency,2020,0.0,-1.53389444850468,127.41908725139,1520.0,9.586944,0.0,147.5,0.8067139256250366
Obi Nickel Cobalt,South Halmahera Regency,2024,0.26666666666666666,-1.53389444850468,127.41908725139,1520.0,9.586944,0.0,147.5,1.4205620217677941
Obi Nickel Cobalt,South Halmahera Regency,2029,0.6,-1.53389444850468,127.41908725139,1520.0,9.586944,0.0,147.5,-0.005947081369816082
Obi Nickel Cobalt,South Halmahera Regency,2035,1.0,-1.53389444850468,127.41908725139,1520.0,9.586944,0.0,147.5,-0.0023073488530129353
Halmahera Persada Lygend,South Halmahera Regency,2020,0.0,-1.53887378195392,127.420130725153,1250.0,7.884,0.0,143.3,0.6634160572574314
Halmahera Persada Lygend,South Halmahera Regency,2024,0.26666666666666666,-1.53887378195392,127.420130725153,1250.0,7.884,0.0,143.3,1.1682253468485146
Halmahera Persada Lygend,South Halmahera Regency,2029,0.6,-1.53887378195392,127.420130725153,1250.0,7.884,0.0,143.3,-0.004890691915967172
Halmahera Persada Lygend,South Halmahera Regency,2035,1.0,-1.53887378195392,127.420130725153,1250.0,7.884,0.0,143.3,-0.001897490833069848
Halmahera Jaya Feronikel,South Halmahera Regency,2020,0.0,-1.56014879697201,127.427420671122,1074.0,6.773933,0.0,71.3,0.5700070932250132
Halmahera Jaya Feronikel,South Halmahera Regency,2024,0.26666666666666666,-1.56014879697201,127.427420671122,1074.0,6.773933,0.0,71.3,1.0037392476475901
Halmahera Jaya Feronikel,South Halmahera Regency,2029,0.6,-1.56014879697201,127.427420671122,1074.0,6.773933,0.0,71.3,-0.0042020826182652534
Halmahera Jaya Feronikel,South Halmahera Regency,2035,1.0,-1.56014879697201,127.427420671122,1074.0,6.773933,0.0,71.3,-0.0016303241719088453
Angel Nickel Industry,Central Halmahera Regency,2020,0.0,0.48068,127.99074,760.0,4.793472,0.0,133.2,0.4033675831380229
Angel Nickel Industry,Central Halmahera Regency,2024,0.26666666666666666,0.48068,127.99074,760.0,4.793472,0.0,133.2,0.7102731988938451
Angel Nickel Industry,Central Halmahera Regency,2029,0.6,0.48068,127.99074,760.0,4.793472,0.0,133.2,-0.0029702382123478993
Angel Nickel Industry,Central Halmahera Regency,2035,1.0,0.48068,127.99074,760.0,4.793472,0.0,133.2,-0.0011612330269659711
PT Westrong Metal Industry,Central Halmahera Regency,2020,0.0,0.484250049328921,127.986313601741,0.0,3.808,0.0,68.0,0.3204407487077407
PT Westrong Metal Industry,Central Halmahera Regency,2024,0.26666666666666666,0.484250049328921,127.986313601741,0.0,3.808,0.0,68.0,0.5642507855240965
PT Westrong Metal Industry,Central Halmahera Regency,2029,0.6,0.484250049328921,127.986313601741,0.0,3.808,0.0,68.0,-0.002359598035123768
PT Westrong Metal Industry,Central Halmahera Regency,2035,1.0,0.484250049328921,127.986313601741,0.0,3.808,0.0,68.0,-0.000922499467335246
PT Langit Metal Industry,Central Halmahera Regency,2020,0.0,0.485177317918801,127.984867275989,0.0,2.448,0.0,68.0,0.20599762416926187
PT Langit Metal Industry,Central Halmahera Regency,2024,0.26666666666666666,0.485177317918801,127.984867275989,0.0,2.448,0.0,68.0,0.3627326478369192
PT Langit Metal Industry,Central Halmahera Regency,2029,0.6,0.485177317918801,127.984867275989,0.0,2.448,0.0,68.0,-0.0015168844511509938
PT Langit Metal Industry,Central Halmahera Regency,2035,1.0,0.485177317918801,127.984867275989,0.0,2.448,0.0,68.0,-0.0005930353718583724
Sunny Metal Industry,Central Halmahera Regency,2020,0.0,0.487106858706739,127.981324757247,380.0,2.396736,0.0,43.6,0.20168379156901145
Sunny Metal Industry,Central Halmahera Regency,2024,0.26666666666666666,0.487106858706739,127.981324757247,380.0,2.396736,0.0,43.6,0.35513659944692255
Sunny Metal Industry,Central Halmahera Regency,2029,0.6,0.487106858706739,127.981324757247,380.0,2.396736,0.0,43.6,-0.0014851191061739496
Sunny Metal Industry,Central Halmahera Regency,2035,1.0,0.487106858706739,127.981324757247,380.0,2.396736,0.0,43.6,-0.0005806165134829856
Fajar Bhakti Lintas Nusantara,Central Halmahera Regency,2020,0.0,-0.0695553166834322,129.3921427,300.0,1.89216,0.0,70.0,0.15922404597553536
Fajar Bhakti Lintas Nusantara,Central Halmahera Regency,2024,0.26666666666666666,-0.0695553166834322,129.3921427,300.0,1.89216,0.0,70.0,0.2803709995633599
Fajar Bhakti Lintas Nusantara,Central Halmahera Regency,2029,0.6,-0.0695553166834322,129.3921427,300.0,1.89216,0.0,70.0,-0.0011724624522425919
Fajar Bhakti Lintas Nusantara,Central Halmahera Regency,2035,1.0,-0.0695553166834322,129.3921427,300.0,1.89216,0.0,70.0,-0.00045838145801288326
Debonair Nickel Industry,Central Halmahera Regency,2020,0.0,0.487668817784395,127.977118715487,0.0,1.87,0.0,68.0,0.1573592962404084
Debonair Nickel Industry,Central Halmahera Regency,2024,0.26666666666666666,0.487668817784395,127.977118715487,0.0,1.87,0.0,68.0,0.27708743931986884
Debonair Nickel Industry,Central Halmahera Regency,2029,0.6,0.487668817784395,127.977118715487,0.0,1.87,0.0,68.0,-0.0011587311779625647
Debonair Nickel Industry,Central Halmahera Regency,2035,1.0,0.487668817784395,127.977118715487,0.0,1.87,0.0,68.0,-0.00045301313128070126
Jade Bay Metal Industry,Central Halmahera Regency,2020,0.0,0.489091049722045,127.977085187476,0.0,1.87,0.0,68.0,0.1573592962404084
Jade Bay Metal Industry,Central Halmahera Regency,2024,0.26666666666666666,0.489091049722045,127.977085187476,0.0,1.87,0.0,68.0,0.27708743931986884
Jade Bay Metal Industry,Central Halmahera Regency,2029,0.6,0.489091049722045,127.977085187476,0.0,1.87,0.0,68.0,-0.0011587311779625647
Jade Bay Metal Industry,Central Halmahera Regency,2035,1.0,0.489091049722045,127.977085187476,0.0,1.87,0.0,68.0,-0.00045301313128070126
PT Andalan Metal Industry,Central Halmahera Regency,2020,0.0,0.484250049328921,127.986313601741,0.0,1.632,0.0,68.0,0.1373317494461746
PT Andalan Metal Industry,Central Halmahera Regency,2024,0.26666666666666666,0.484250049328921,127.986313601741,0.0,1.632,0.0,68.0,0.24182176522461277
PT Andalan Metal Industry,Central Halmahera Regency,2029,0.6,0.484250049328921,127.986313601741,0.0,1.632,0.0,68.0,-0.001011256300767329
PT Andalan Metal Industry,Central Halmahera Regency,2035,1.0,0.484250049328921,127.986313601741,0.0,1.632,0.0,68.0,-0.0003953569145722483
Huashan Nickel Cobalt,Central Halmahera Regency,2020,0.0,0.481106064991268,127.947138326664,0.0,1.608,0.0,13.4,0.13531216489549558
Huashan Nickel Cobalt,Central Halmahera Regency,2024,0.26666666666666666,0.481106064991268,127.947138326664,0.0,1.608,0.0,13.4,0.23826556279483907
Huashan Nickel Cobalt,Central Halmahera Regency,2029,0.6,0.481106064991268,127.947138326664,0.0,1.608,0.0,13.4,-0.0009963848845795744
Huashan Nickel Cobalt,Central Halmahera Regency,2035,1.0,0.481106064991268,127.947138326664,0.0,1.608,0.0,13.4,-0.0003895428422991271
Huake Nickel Indonesia,Central Halmahera Regency,2020,0.0,0.487095939709902,127.993195587294,250.0,1.5768,0.0,35.0,0.1326867049796128
Huake Nickel Indonesia,Central Halmahera Regency,2024,0.26666666666666666,0.487095939709902,127.993195587294,250.0,1.5768,0.0,35.0,0.23364249963613323
Huake Nickel Indonesia,Central Halmahera Regency,2029,0.6,0.487095939709902,127.993195587294,250.0,1.5768,0.0,35.0,-0.000977052043535493
Huake Nickel Indonesia,Central Halmahera Regency,2035,1.0,0.487095939709902,127.993195587294,250.0,1.5768,0.0,35.0,-0.0003819845483440694
Weda Bay Nickel,Central Halmahera Regency,2020,0.0,0.48075,127.99338,250.0,1.5768,0.0,52.6,0.1326867049796128
Weda Bay Nickel,Central Halmahera Regency,2024,0.26666666666666666,0.48075,127.99338,250.0,1.5768,0.0,52.6,0.23364249963613323
Weda Bay Nickel,Central Halmahera Regency,2029,0.6,0.48075,127.99338,250.0,1.5768,0.0,52.6,-0.000977052043535493
Weda Bay Nickel,Central Halmahera Regency,2035,1.0,0.48075,127.99338,250.0,1.5768,0.0,52.6,-0.0003819845483440694
Yashi Indonesia Investment,Central Halmahera Regency,2020,0.0,0.48073,127.99653,250.0,1.5768,0.0,45.1,0.1326867049796128
Yashi Indonesia Investment,Central Halmahera Regency,2024,0.26666666666666666,0.48073,127.99653,250.0,1.5768,0.0,45.1,0.23364249963613323
Yashi Indonesia Investment,Central Halmahera Regency,2029,0.6,0.48073,127.99653,250.0,1.5768,0.0,45.1,-0.000977052043535493
Yashi Indonesia Investment,Central Halmahera Regency,2035,1.0,0.48073,127.99653,250.0,1.5768,0.0,45.1,-0.0003819845483440694
Youshan Nickel Industry,Central Halmahera Regency,2020,0.0,0.48068,127.99945,250.0,1.5768,0.0,46.4,0.1326867049796128
Youshan Nickel Industry,Central Halmahera Regency,2024,0.26666666666666666,0.48068,127.99945,250.0,1.5768,0.0,46.4,0.23364249963613323
Youshan Nickel Industry,Central Halmahera Regency,2029,0.6,0.48068,127.99945,250.0,1.5768,0.0,46.4,-0.000977052043535493
Youshan Nickel Industry,Central Halmahera Regency,2035,1.0,0.48068,127.99945,250.0,1.5768,0.0,46.4,-0.0003819845483440694
Perkasa Metal Industry,Central Halmahera Regency,2020,0.0,0.488145455865328,127.970546796433,206.0,1.299283,0.0,60.0,0.1093338280733297
Perkasa Metal Industry,Central Halmahera Regency,2024,0.26666666666666666,0.488145455865328,127.970546796433,206.0,1.299283,0.0,60.0,0.19252139006515354
Perkasa Metal Industry,Central Halmahera Regency,2029,0.6,0.488145455865328,127.970546796433,206.0,1.299283,0.0,60.0,-0.000805090759944778
Perkasa Metal Industry,Central Halmahera Regency,2035,1.0,0.488145455865328,127.970546796433,206.0,1.299283,0.0,60.0,-0.00031475521938491085
Wanatiara Persada,South Halmahera Regency,2020,0.0,-1.4590046405692,127.438374798906,150.0,0.94608,0.0,70.0,0.07960992687089176
Wanatiara Persada,South Halmahera Regency,2024,0.26666666666666666,-1.4590046405692,127.438374798906,150.0,0.94608,0.0,70.0,0.1401870416218218
Wanatiara Persada,South Halmahera Regency,2029,0.6,-1.4590046405692,127.438374798906,150.0,0.94608,0.0,70.0,-0.0005868830299160607
Wanatiara Persada,South Halmahera Regency,2035,1.0,-1.4590046405692,127.438374798906,150.0,0.94608,0.0,70.0,-0.00022769889996838177
PT Blue Sparking Energy,Central Halmahera Regency,2020,0.0,0.484250049328921,127.986313601741,0.0,0.8978,0.0,13.4,0.07554929206665169
PT Blue Sparking Energy,Central Halmahera Regency,2024,0.26666666666666666,0.484250049328921,127.986313601741,0.0,0.8978,0.0,13.4,0.13303160589378515
PT Blue Sparking Energy,Central Halmahera Regency,2029,0.6,0.484250049328921,127.986313601741,0.0,0.8978,0.0,13.4,-0.0005563148938902624
PT Blue Sparking Energy,Central Halmahera Regency,2035,1.0,0.484250049328921,127.986313601741,0.0,0.8978,0.0,13.4,-0.00021749475361701261
Megah Surya Pertiwi,South Halmahera Regency,2020,0.0,-1.52952559965166,127.422421955604,120.0,0.756864,0.0,30.3,0.0636879414967134
Megah Surya Pertiwi,South Halmahera Regency,2024,0.26666666666666666,-1.52952559965166,127.422421955604,120.0,0.756864,0.0,30.3,0.1121496332974574
Megah Surya Pertiwi,South Halmahera Regency,2029,0.6,-1.52952559965166,127.422421955604,120.0,0.756864,0.0,30.3,-0.00046950642393284853
Megah Surya Pertiwi,South Halmahera Regency,2035,1.0,-1.52952559965166,127.422421955604,120.0,0.756864,0.0,30.3,-0.0001821591199747054
Antam HKBCL HPAL,East Halmahera Regency,2020,0.0,0.843094760616897,128.249473362336,0.0,0.737,0.0,13.4,0.06203503826016915
Antam HKBCL HPAL,East Halmahera Regency,2024,0.26666666666666666,0.843094760616897,128.249473362336,0.0,0.737,0.0,13.4,0.10922036082474228
Antam HKBCL HPAL,East Halmahera Regency,2029,0.6,0.843094760616897,128.249473362336,0.0,0.737,0.0,13.4,-0.0004748711340206185
Antam HKBCL HPAL,East Halmahera Regency,2035,1.0,0.843094760616897,128.249473362336,0.0,0.737,0.0,13.4,-0.00016189499890166214
ANTAM Feni Haltim RKEF,East Halmahera Regency,2020,0.0,0.83684,128.24266,80.0,0.504576,0.0,37.4,0.042471358840112765
ANTAM Feni Haltim RKEF,East Halmahera Regency,2024,0.26666666666666666,0.83684,128.24266,80.0,0.504576,0.0,37.4,0.0747760824742268
ANTAM Feni Haltim RKEF,East Halmahera Regency,2029,0.6,0.83684,128.24266,80.0,0.504576,0.0,37.4,-0.0003251134020618557
ANTAM Feni Haltim RKEF,East Halmahera Regency,2035,1.0,0.83684,128.24266,80.0,0.504576,0.0,37.4,-0.00011083898367137732
Teka Mining Resources,Central Halmahera Regency,2020,0.0,0.45996536934158,127.92242429557,0.0,0.065735,0.0,60.0,0.005531557934953608
Teka Mining Resources,Central Halmahera Regency,2024,0.26666666666666666,0.45996536934158,127.92242429557,0.0,0.065735,0.0,60.0,0.009740290280048972
Teka Mining Resources,Central Halmahera Regency,2029,0.6,0.45996536934158,127.92242429557,0.0,0.065735,0.0,60.0,-4.073218929591935e-05
Teka Mining Resources,Central Halmahera Regency,2035,1.0,0.45996536934158,127.92242429557,0.0,0.065735,0.0,60.0,-1.592450170306786e-05
Obsidian Stainless Steel,Konawe Regency,2020,0.0,-3.87107080589466,122.40347199787,1780.0,11.226816,0.0,68.0,2.5701913051356406
Obsidian Stainless Steel,Konawe Regency,2024,0.26666666666666666,-3.87107080589466,122.40347199787,1780.0,11.226816,0.0,68.0,4.52578194596969
Obsidian Stainless Steel,Konawe Regency,2029,0.6,-3.87107080589466,122.40347199787,1780.0,11.226816,0.0,68.0,-0.01887882934329014
Obsidian Stainless Steel,Konawe Regency,2035,1.0,-3.87107080589466,122.40347199787,1780.0,11.226816,0.0,68.0,-0.00735536969787728
Ceria Nugraha Indotama (RKEF) / Merah Putih smelter,Kolaka Regency,2020,0.0,-3.85415246173602,121.297981864151,0.0,3.7808,0.0,68.0,0.8656083035346984
Ceria Nugraha Indotama (RKEF) / Merah Putih smelter,Kolaka Regency,2024,0.26666666666666666,-3.85415246173602,121.297981864151,0.0,3.7808,0.0,68.0,1.5241631162343252
Ceria Nugraha Indotama (RKEF) / Merah Putih smelter,Kolaka Regency,2029,0.6,-3.85415246173602,121.297981864151,0.0,3.7808,0.0,68.0,-0.006364983164983165
Ceria Nugraha Indotama (RKEF) / Merah Putih smelter,Kolaka Regency,2035,1.0,-3.85415246173602,121.297981864151,0.0,3.7808,0.0,68.0,-0.0024798692780373293
Virtue Dragon Nickel Industry (VDNI),Konawe Regency,2020,0.0,-3.9072272057542,122.417022046513,530.0,3.342816,0.0,68.0,0.7652816807426347
Virtue Dragon Nickel Industry (VDNI),Konawe Regency,2024,0.26666666666666666,-3.9072272057542,122.417022046513,530.0,3.342816,0.0,68.0,1.3475642872831102
Virtue Dragon Nickel Industry (VDNI),Konawe Regency,2029,0.6,-3.9072272057542,122.417022046513,530.0,3.342816,0.0,68.0,-0.005621224467384143
Virtue Dragon Nickel Industry (VDNI),Konawe Regency,2035,1.0,-3.9072272057542,122.417022046513,530.0,3.342816,0.0,68.0,-0.002190081988693797
Kolaka Nickel Indonesia,Kolaka Regency,2020,0.0,-4.23163100235464,121.584765653255,0.0,1.608,0.0,13.4,0.36814910920540495
Kolaka Nickel Indonesia,Kolaka Regency,2024,0.26666666666666666,-4.23163100235464,121.584765653255,0.0,1.608,0.0,13.4,0.648236958026025
Kolaka Nickel Indonesia,Kolaka Regency,2029,0.6,-4.23163100235464,121.584765653255,0.0,1.608,0.0,13.4,-0.002707070707070707
Kolaka Nickel Indonesia,Kolaka Regency,2035,1.0,-4.23163100235464,121.584765653255,0.0,1.608,0.0,13.4,-0.00105470530022324
Ceria Nugraha Indotama (HPAL),Kolaka Regency,2020,0.0,-3.86572286265205,121.309797637587,0.0,1.48606,0.0,13.4,0.3402311350906617
Ceria Nugraha Indotama (HPAL),Kolaka Regency,2024,0.26666666666666666,-3.86572286265205,121.309797637587,0.0,1.48606,0.0,13.4,0.5990789887090513
Ceria Nugraha Indotama (HPAL),Kolaka Regency,2029,0.6,-3.86572286265205,121.309797637587,0.0,1.48606,0.0,13.4,-0.0025017845117845114
Ceria Nugraha Indotama (HPAL),Kolaka Regency,2035,1.0,-3.86572286265205,121.309797637587,0.0,1.48606,0.0,13.4,-0.0009747234816229775
Anugrah Tambang Sejahtera,Morowali Regency,2020,0.0,-3.01680813805646,122.233574871863,0.0,0.9792,0.0,68.0,0.2241721261496034
Anugrah Tambang Sejahtera,Morowali Regency,2024,0.26666666666666666,-3.01680813805646,122.233574871863,0.0,0.9792,0.0,68.0,0.39474147615144056
Anugrah Tambang Sejahtera,Morowali Regency,2029,0.6,-3.01680813805646,122.233574871863,0.0,0.9792,0.0,68.0,-0.0016499863375535114
Anugrah Tambang Sejahtera,Morowali Regency,2035,1.0,-3.01680813805646,122.233574871863,0.0,0.9792,0.0,68.0,-0.0006418871674088249
ANTAM Pomalaa RKEF,Kolaka Regency,2020,0.0,-4.18597128870594,121.611100571282,60.0,0.847968,0.0,31.4,0.19414096009619952
ANTAM Pomalaa RKEF,Kolaka Regency,2024,0.26666666666666666,-4.18597128870594,121.611100571282,60.0,0.847968,0.0,31.4,0.3418434059847092
ANTAM Pomalaa RKEF,Kolaka Regency,2029,0.6,-4.18597128870594,121.611100571282,60.0,0.847968,0.0,31.4,-0.0014275555555555556
ANTAM Pomalaa RKEF,Kolaka Regency,2035,1.0,-4.18597128870594,121.611100571282,60.0,0.847968,0.0,31.4,-0.000556191756231157
Surya Saga Utama,Bombana Regency,2020,0.0,-5.12133354679023,121.883441022571,30.0,0.23617,0.0,60.0,0.05412734840698869
Surya Saga Utama,Bombana Regency,2024,0.26666666666666666,-5.12133354679023,121.883441022571,30.0,0.23617,0.0,60.0,0.09516718749999999
Surya Saga Utama,Bombana Regency,2029,0.6,-5.12133354679023,121.883441022571,30.0,0.23617,0.0,60.0,-0.0003884375
Surya Saga Utama,Bombana Regency,2035,1.0,-5.12133354679023,121.883441022571,30.0,0.23617,0.0,60.0,-0.00017657570093457942
Asia Mining Minerals,Kolaka Regency,2020,0.0,-4.28249428949051,121.579914856684,24.0,0.158416,0.0,68.0,0.036269097813360344
Asia Mining Minerals,Kolaka Regency,2024,0.26666666666666666,-4.28249428949051,121.579914856684,24.0,0.158416,0.0,68.0,0.06386262807378779
Asia Mining Minerals,Kolaka Regency,2029,0.6,-4.28249428949051,121.579914856684,24.0,0.158416,0.0,68.0,-0.0002666936026936027
Asia Mining Minerals,Kolaka Regency,2035,1.0,-4.28249428949051,121.579914856684,24.0,0.158416,0.0,68.0,-0.00010390683758716715
Bintang Smelter Indonesia,South Konawe Regency,2020,0.0,-4.40051665026324,122.198670979539,0.0,0.031431,0.0,70.0,0.00719724347826087
Bintang Smelter Indonesia,South Konawe Regency,2024,0.26666666666666666,-4.40051665026324,122.198670979539,0.0,0.031431,0.0,70.0,0.012679275115919632
Bintang Smelter Indonesia,South Konawe Regency,2029,0.6,-4.40051665026324,122.198670979539,0.0,0.031431,0.0,70.0,-3.642062572421784e-05
Bintang Smelter Indonesia,South Konawe Regency,2035,1.0,-4.40051665026324,122.198670979539,0.0,0.031431,0.0,70.0,-3.312012644889357e-05
Kinlin Nickel Industri,South Konawe Regency,2020,0.0,-4.45663313945751,122.352577613714,2.0,0.022005,0.0,60.0,0.0050388260869565216
Kinlin Nickel Industri,South Konawe Regency,2024,0.26666666666666666,-4.45663313945751,122.352577613714,2.0,0.022005,0.0,60.0,0.008876823802163834
Kinlin Nickel Industri,South Konawe Regency,2029,0.6,-4.45663313945751,122.352577613714,2.0,0.022005,0.0,60.0,-2.5498261877172652e-05
Kinlin Nickel Industri,South Konawe Regency,2035,1.0,-4.45663313945751,122.352577613714,2.0,0.022005,0.0,60.0,-2.318756585879874e-05
Mapan Asri Sejahtera,Kolaka Regency,2020,0.0,-4.27126551488023,121.565690265067,3.0,0.018922,0.0,70.0,0.004332162589791463
Mapan Asri Sejahtera,Kolaka Regency,2024,0.26666666666666666,-4.27126551488023,121.565690265067,3.0,0.018922,0.0,70.0,0.007628071965030126
Mapan Asri Sejahtera,Kolaka Regency,2029,0.6,-4.27126551488023,121.565690265067,3.0,0.018922,0.0,70.0,-3.185521885521885e-05
Mapan Asri Sejahtera,Kolaka Regency,2035,1.0,-4.27126551488023,121.565690265067,3.0,0.018922,0.0,70.0,-1.2411152792801086e-05
Integra Mining Nusantara,South Konawe Regency,2020,0.0,-4.43789965420115,122.485019596937,0.0,0.018781,0.0,60.0,0.004300576811594203
Integra Mining Nusantara,South Konawe Regency,2024,0.26666666666666666,-4.43789965420115,122.485019596937,0.0,0.018781,0.0,60.0,0.007576261205564144
Integra Mining Nusantara,South Konawe Regency,2029,0.6,-4.43789965420115,122.485019596937,0.0,0.018781,0.0,60.0,-2.1762456546929316e-05
Integra Mining Nusantara,South Konawe Regency,2035,1.0,-4.43789965420115,122.485019596937,0.0,0.018781,0.0,60.0,-1.9790305584826132e-05
Sambas Minerals Mining,South Konawe Regency,2020,0.0,-4.45935420048957,122.359915890572,0.0,0.014086,0.0,68.0,0.003225489855072464
Sambas Minerals Mining,South Konawe Regency,2024,0.26666666666666666,-4.45935420048957,122.359915890572,0.0,0.014086,0.0,68.0,0.005682296754250387
Sambas Minerals Mining,South Konawe Regency,2029,0.6,-4.45935420048957,122.359915890572,0.0,0.014086,0.0,68.0,-1.632213209733488e-05
Sambas Minerals Mining,South Konawe Regency,2035,1.0,-4.45935420048957,122.359915890572,0.0,0.014086,0.0,68.0,-1.4842992623814543e-05
Mahkota Konaweeha,Kendari City,2020,0.0,-4.00619632489727,122.636653236766,0.0,0.014086,0.0,60.0,0.0032699642857142858
Mahkota Konaweeha,Kendari City,2024,0.26666666666666666,-4.00619632489727,122.636653236766,0.0,0.014086,0.0,60.0,0.005714132075471699
Mahkota Konaweeha,Kendari City,2029,0.6,-4.00619632489727,122.636653236766,0.0,0.014086,0.0,60.0,-0.0
Mahkota Konaweeha,Kendari City,2035,1.0,-4.00619632489727,122.636653236766,0.0,0.014086,0.0,60.0,-0.0
Artha Mining Industry,Bombana Regency,2020,0.0,-4.89399835956639,121.987146995586,0.0,0.007043,0.0,0.3,0.0016141716341212743
Artha Mining Industry,Bombana Regency,2024,0.26666666666666666,-4.89399835956639,121.987146995586,0.0,0.007043,0.0,0.3,0.002838050986842105
Artha Mining Industry,Bombana Regency,2029,0.6,-4.89399835956639,121.987146995586,0.0,0.007043,0.0,0.3,-1.1583881578947369e-05
Artha Mining Industry,Bombana Regency,2035,1.0,-4.89399835956639,121.987146995586,0.0,0.007043,0.0,0.3,-5.265794392523364e-06
Adhikara Cipta Mulia,North Konawe Regency,2020,0.0,-3.52320167397664,122.164807122561,0.0,0.005165,0.0,0.2,0.001229761904761905
Adhikara Cipta Mulia,North Konawe Regency,2024,0.26666666666666666,-3.52320167397664,122.164807122561,0.0,0.005165,0.0,0.2,0.0021189743589743594
Adhikara Cipta Mulia,North Konawe Regency,2029,0.6,-3.52320167397664,122.164807122561,0.0,0.005165,0.0,0.2,-0.0
Adhikara Cipta Mulia,North Konawe Regency,2035,1.0,-3.52320167397664,122.164807122561,0.0,0.005165,0.0,0.2,-0.0
