Smelter,Company,Latitude,Longitude,Capacity_tpa,Coal_MW,Diesel_MW,PLN_MW,Gas_MW,Hydro_MW,GHG_Intensity,Tahun,Mining_RpMiliar,Processing_RpMiliar,Electricity_RpMiliar,Construction_RpMiliar,Work_Absence,Child_Asthma,Low_Birth_Weight,Agri_Loss_RpMiliar
Adhikara Cipta Mulia,Adhikara Cipta Mulia,-3.52320167397664,122.164807122561,2401920.0,0.0,1.1,0.0,0.0,0.0,60.0,1,0.09934171962593501,0.07571077939159018,0.0386747704251413,0.01730532100379204,1702.060258795882,0.5080160521946527,0.7341651334942079,-12.91409579907981
Adhikara Cipta Mulia,Adhikara Cipta Mulia,-3.52320167397664,122.164807122561,2401920.0,0.0,1.1,0.0,0.0,0.0,66.0,9,-0.006423944918074319,-0.008095481605940594,-0.002720344021429431,-0.021205573275480023,17020.60258795882,5.080160521946527,7.341651334942078,-3.8481396573015596
ANTAM Pomalaa RKEF,PT Aneka Tambang,-4.18597128870594,121.611100571282,1450000.0,60.0,100.0,0.0,0.0,0.0,60.0,1,0.07220338230496569,0.055027981895239435,0.028109531877221875,0.012577824433197587,1237.0885870979428,0.36923537635333825,0.533604672923534,-9.386201483273698
ANTAM Pomalaa RKEF,PT Aneka Tambang,-4.18597128870594,121.611100571282,1450000.0,60.0,100.0,0.0,0.0,0.0,66.0,9,-0.004669040888080922,-0.005883944384469325,-0.001977195886279166,-0.01541259925810386,12370.885870979428,3.692353763533382,5.336046729235339,-2.7968984217835766
ANTAM Feni Haltim RKEF,ANTAM,0.83684,128.24266,1219945.0,80.0,0.0,0.0,0.0,0.0,60.0,1,6.542660202409687,0.042361024295303897,0.024276125461539542,0.0017596117784203157,315.09759141012245,0.02932686297367193,0.05702445578213986,-0.2526998026231398
ANTAM Feni Haltim RKEF,ANTAM,0.83684,128.24266,1219945.0,80.0,0.0,0.0,0.0,0.0,66.0,9,-0.0001629270165203996,-0.011567818172948371,-0.000407317541300999,-8.14635082601998e-05,3150.975914101224,0.2932686297367193,0.5702445578213986,-0.22141781545122305
Ang And Fang Brother,Ang and Fang Brother,-2.78683713746305,122.083405959012,1866510.0,0.0,10.0,100.0,0.0,0.0,60.0,1,0.1793326329846232,0.7700380162679327,3.0130051989458653,2.427574304867986,592.5477137327238,0.17768669309073015,0.3647253173967619,-0.020462025499079873
Ang And Fang Brother,Ang and Fang Brother,-2.78683713746305,122.083405959012,1866510.0,0.0,10.0,100.0,0.0,0.0,66.0,9,0.12157510579892063,0.10511570685998983,-0.010661201585443808,-0.0701394841147619,5925.477137327238,1.7768669309073015,3.6472531739676186,-4.175824326256464
Angel Nickel Industry,Nickel Mines,0.48068,127.99074,3600000.0,760.0,0.0,0.0,0.0,0.0,60.0,1,22.644640685071288,0.1466147017486001,0.08402150215592852,0.006090149149557235,1090.5765418759909,0.10150248582595392,0.1973659446615771,-0.874613086200303
Angel Nickel Industry,Nickel Mines,0.48068,127.99074,3600000.0,760.0,0.0,0.0,0.0,0.0,66.0,9,-0.0005639026990330773,-0.04003709163134849,-0.0014097567475826935,-0.00028195134951653866,10905.76541875991,1.0150248582595391,1.9736594466157706,-0.766343767985952
Anugrah Tambang Sejahtera,Silkroad Nickel,-3.01680813805646,122.233574871863,1440000.0,0.0,0.0,146.0,0.0,0.0,60.0,1,0.04746992699206208,0.03617800440503577,0.018480539046728226,0.008269258149722462,813.3206927096251,0.24275284341041314,0.35081701241246804,-6.170933894230386
Anugrah Tambang Sejahtera,Silkroad Nickel,-3.01680813805646,122.233574871863,1440000.0,0.0,0.0,146.0,0.0,0.0,66.0,9,-0.003069648858609095,-0.0038683840207981964,-0.0012999023227783415,-0.010132973528163697,8133.20692709625,2.4275284341041314,3.50817012412468,-1.8388136351494586
Artha Mining Industry,Artha Mining Industry,-4.89399835956639,121.987146995586,2000000.0,0.0,1.5,0.0,0.0,0.0,60.0,1,0.09038133366800037,0.06888184783011576,0.03518639845867385,0.015744422361169318,1548.5384866753639,0.4621942170419023,0.6679451910799105,-11.7492751870226
Artha Mining Industry,Artha Mining Industry,-4.89399835956639,121.987146995586,2000000.0,0.0,1.5,0.0,0.0,0.0,66.0,9,-0.005844520421949216,-0.007365288490925798,-0.002474975484805025,-0.01929288118878134,15485.384866753639,4.621942170419023,6.679451910799104,-3.501046646638048
Artabumi Sentra Industri,Silkroad Nickel,-2.629209261240042,122.32511978235469,720000.0,15.0,0.0,0.0,0.0,0.0,60.0,1,0.06807241173314756,0.2922967449993414,1.1436988742274448,0.9214766707181081,224.92365873091168,0.06744763365299351,0.13844514276140774,-0.007767127496460516
Artabumi Sentra Industri,Silkroad Nickel,-2.629209261240042,122.32511978235469,720000.0,15.0,0.0,0.0,0.0,0.0,66.0,9,0.046148380920469245,0.03990060011892879,-0.0040468580191796106,-0.026624065915655335,2249.2365873091167,0.6744763365299351,1.3844514276140774,-1.5850903883544558
Bahodopi Nickel Smelting Indonesia,Vale Indonesia,-3.09094,122.33023,300000.0,0.0,0.0,0.0,500.0,0.0,28.7,1,0.027515083352963973,0.11814726550287097,0.46228668933343414,0.3724637743409673,90.91485170667244,0.02726254608397557,0.05595996301447617,-0.0031394974121967656
Bahodopi Nickel Smelting Indonesia,Vale Indonesia,-3.09094,122.33023,300000.0,0.0,0.0,0.0,500.0,0.0,31.57,9,0.01865332100482539,0.016127948314941336,-0.001635752765038534,-0.010761531348937725,909.1485170667243,0.2726254608397557,0.5595996301447617,-0.6406985303903564
Bintang Smelter Indonesia,PT Ifishdeco,-4.40051665026324,122.198670979539,147000.0,0.0,4.5,100.0,3.0,0.0,60.0,1,0.00680907110510188,0.005189361350308592,0.00265084259452993,0.0011861397372133924,116.66245934687473,0.03482039001289315,0.05032107976056817,-0.885156778895494
Bintang Smelter Indonesia,PT Ifishdeco,-4.40051665026324,122.198670979539,147000.0,0.0,4.5,100.0,3.0,0.0,66.0,9,-0.00044030944790497147,-0.000554879763431265,-0.00018645757232710526,-0.001453470473441411,1166.6245934687472,0.3482039001289315,0.5032107976056817,-0.26375883815572804
Bintang Timur Steel,Bintang Timur Steel,-6.24800244074343,106.497542682449,70000.0,0.0,0.0,0.0,0.0,0.0,60.0,1,0.0,0.0,0.0,0.0,0.0,0.0,0.0,0.0
Bintang Timur Steel,Bintang Timur Steel,-6.24800244074343,106.497542682449,70000.0,0.0,0.0,0.0,0.0,0.0,66.0,9,0.0,0.0,0.0,0.0,0.0,0.0,0.0,0.0
Bukit Smelter Indonesia,PT Merdeka Industri Mineral,-2.85005087260833,122.167514383938,1800000.0,0.0,0.0,0.0,0.0,0.0,60.0,1,0.17187835635432902,0.7380300303616736,2.8877643330328393,2.326667904800622,567.9174247479476,0.17030083285003397,0.34956486742901716,-0.019611485382940757
Bukit Smelter Indonesia,PT Merdeka Industri Mineral,-2.85005087260833,122.167514383938,1800000.0,0.0,0.0,0.0,0.0,0.0,66.0,9,0.11652162247633904,0.10074638743338853,-0.010218049971002037,-0.06722401296711868,5679.1742474794755,1.7030083285003397,3.4956486742901713,-4.002248836010377
Cahaya Modern Metal Industri,PT Modern Cahaya Makmur,-6.20862610786271,106.326625086874,140000.0,0.0,0.0,25.0,0.0,0.0,60.0,1,0.0,0.0,0.0,0.0,0.0,0.0,0.0,0.0
Cahaya Modern Metal Industri,PT Modern Cahaya Makmur,-6.20862610786271,106.326625086874,140000.0,0.0,0.0,25.0,0.0,0.0,66.0,9,0.0,0.0,0.0,0.0,0.0,0.0,0.0,0.0
Cahaya Smelter Indonesia,PT Merdeka Industri Mineral,-2.85565622639356,122.168987996916,1800000.0,0.0,0.0,0.0,0.0,0.0,60.0,1,0.17180522988579375,0.7377160319564173,2.8865357198897077,2.325678012815725,567.6758015641311,0.17022837754641645,0.3494161433847496,-0.019603141582713642
Cahaya Smelter Indonesia,PT Merdeka Industri Mineral,-2.85565622639356,122.168987996916,1800000.0,0.0,0.0,0.0,0.0,0.0,66.0,9,0.1164720477949165,0.1007035244011432,-0.010213702652784986,-0.06719541218937491,5676.758015641311,1.7022837754641644,3.4941614338474953,-4.0005460601066245
CORII BF,PT Central Omega Resources Tbk,-1.93869141224428,121.320296797426,856000.0,15.0,0.0,0.0,0.0,0.0,60.0,1,0.06634804378831213,0.28489246587033906,1.1147274065351693,0.8981343975057398,219.22603266954766,0.06573909219743068,0.13493813661577878,-0.007570375459367281
CORII BF,PT Central Omega Resources Tbk,-1.93869141224428,121.320296797426,856000.0,15.0,0.0,0.0,0.0,0.0,66.0,9,0.044979378871926254,0.03888986296311162,-0.00394434553184584,-0.02594964165688053,2192.2603266954766,0.6573909219743068,1.3493813661577876,-1.5449378656840393
CORII RKEF,Central Omega Resources,-1.93869141224428,121.320296797426,300000.0,0.0,0.0,0.0,0.0,0.0,60.0,1,0.02325281908468883,0.09984549037511882,0.39067549294456866,0.3147667280978059,76.83155350568258,0.023039401471062152,0.04729140301954863,-0.0026531689694044205
CORII RKEF,Central Omega Resources,-1.93869141224428,121.320296797426,300000.0,0.0,0.0,0.0,0.0,0.0,66.0,9,0.01576380100651621,0.0136296248702494,-0.001382364088263729,-0.009094500580682428,768.3155350568258,0.23039401471062151,0.4729140301954863,-0.541450186571509
Century Metalindo,Century Metalindo,-6.18810173266052,106.315206339778,481000.0,0.0,0.0,29.5,0.0,0.0,60.0,1,0.0,0.0,0.0,0.0,0.0,0.0,0.0,0.0
Century Metalindo,Century Metalindo,-6.18810173266052,106.315206339778,481000.0,0.0,0.0,29.5,0.0,0.0,66.0,9,0.0,0.0,0.0,0.0,0.0,0.0,0.0,0.0
Ceria Nugraha Indotama (RKEF) / Merah Putih smelter,PT Ceria Nugraha Indotama,-3.85415246173602,121.297981864151,5636000.0,0.0,0.0,350.0,0.0,0.0,60.0,1,0.2655367165859658,0.20237209347198315,0.10337622090776627,0.046256478507881865,4549.543678667359,1.3579079865003199,1.9623960579101398,-34.51889708650684
Ceria Nugraha Indotama (RKEF) / Merah Putih smelter,PT Ceria Nugraha Indotama,-3.85415246173602,121.297981864151,5636000.0,0.0,0.0,350.0,0.0,0.0,66.0,9,-0.017170965506713723,-0.021638920817134127,-0.007271378250292036,-0.05668170756552948,45495.436786673585,13.579079865003198,19.623960579101396,-10.285933980322744
Fajar Bhakti Lintas Nusantara,PT Pengda Mining Indonesia,-0.0695553166834322,129.3921427,1065600.0,300.0,0.0,0.0,0.0,0.0,60.0,1,3.8321976904538615,0.024811898287172948,0.01421912632611065,0.0010306480826979532,184.56044249779515,0.017177468044965886,0.03340063230965589,-0.14801251632078938
Fajar Bhakti Lintas Nusantara,PT Pengda Mining Indonesia,-0.0695553166834322,129.3921427,1065600.0,300.0,0.0,0.0,0.0,0.0,66.0,9,-9.543037802758826e-05,-0.006775556839958766,-0.00023857594506897066,-4.771518901379413e-05,1845.6044249779513,0.17177468044965885,0.33400632309655887,-0.12968988373949245
Fajar Metal Industry Excelsior Nickel Cobalt Project,Perpetual Power Technology Group Ltd.,-2.83822430529276,122.117733364886,8000000.0,0.0,0.0,0.0,0.0,0.0,60.0,1,0.7661168074207108,3.289635895026144,12.871689247747426,10.370703007419072,2531.3896034096615,0.759085280610842,1.558122418095939,-0.0874146628408696
Fajar Metal Industry Excelsior Nickel Cobalt Project,Perpetual Power Technology Group Ltd.,-2.83822430529276,122.117733364886,8000000.0,0.0,0.0,0.0,0.0,0.0,66.0,9,0.519374139365313,0.44905887126662447,-0.045545116836650516,-0.2996389265569113,25313.89603409661,7.59085280610842,15.581224180959389,-17.839303131492272
Gebe Industry Nickel,Gebe Industry Nickel,-7.13215,112.61242,1320000.0,0.0,1.6,0.276,0.0,0.0,60.0,1,0.0,0.0,0.0,0.0,0.0,0.0,0.0,0.0
Gebe Industry Nickel,Gebe Industry Nickel,-7.13215,112.61242,1320000.0,0.0,1.6,0.276,0.0,0.0,66.0,9,0.0,0.0,0.0,0.0,0.0,0.0,0.0,0.0
Growth Java Industri,Growth Java Industri,-6.02916664481287,105.954452028205,546000.0,0.0,0.0,0.0,0.0,0.0,60.0,1,0.0,0.0,0.0,0.0,0.0,0.0,0.0,0.0
Growth Java Industri,Growth Java Industri,-6.02916664481287,105.954452028205,546000.0,0.0,0.0,0.0,0.0,0.0,66.0,9,0.0,0.0,0.0,0.0,0.0,0.0,0.0,0.0
Gunbuster Nickel Industry,Gunbuster Nickel Industry,-2.00042547039831,121.43504311042,21600000.0,2295.0,0.0,0.0,0.0,0.0,60.0,1,1.756588555241917,7.542631499719413,29.512812929069714,23.77843435386404,5804.088832325986,1.7404663407173773,3.572536173051459,-0.2004284396573485
Gunbuster Nickel Industry,Gunbuster Nickel Industry,-2.00042547039831,121.43504311042,21600000.0,2295.0,0.0,0.0,0.0,0.0,66.0,9,1.1908453910171528,1.0296232457717536,-0.10442798044304262,-0.6870261871252804,58040.88832325986,17.40466340717377,35.725361730514585,-40.9027910766907
Halmahera Persada Lygend,Harita Nickel and Lygend Resources,-1.53887378195392,127.420130725153,8500000.0,1250.0,0.0,0.0,0.0,0.0,60.0,1,38.32189986186246,0.2481184840522011,0.14219097739914602,0.010306460106783738,1845.600714566446,0.1717743351130623,0.33400565160873225,-1.4801221875575534
Halmahera Persada Lygend,Harita Nickel and Lygend Resources,-1.53887378195392,127.420130725153,8500000.0,1250.0,0.0,0.0,0.0,0.0,66.0,9,-0.000954301861739235,-0.06775543218348568,-0.0023857546543480878,-0.0004771509308696175,18456.00714566446,1.717743351130623,3.3400565160873223,-1.2968962301036204
Heng Tai Yuan Indonesia,Heng Tai Yuan Indonesia,-6.0008994834225,106.019090624431,400000.0,12.0,0.0,0.0,0.0,0.0,60.0,1,0.0,0.0,0.0,0.0,0.0,0.0,0.0,0.0
Heng Tai Yuan Indonesia,Heng Tai Yuan Indonesia,-6.0008994834225,106.019090624431,400000.0,12.0,0.0,0.0,0.0,0.0,66.0,9,0.0,0.0,0.0,0.0,0.0,0.0,0.0,0.0
Hengjaya Nickel Industry,Nickel Industries,-2.84720726843122,122.164215585423,1800000.0,0.0,0.0,0.0,0.0,0.0,60.0,1,0.17193802976945846,0.7382862625791203,2.8887669186026352,2.3274756866685453,568.1145965906685,0.17035995857424444,0.3496862307576596,-0.01961829417686562
Hengjaya Nickel Industry,Nickel Industries,-2.84720726843122,122.164215585423,1800000.0,0.0,0.0,0.0,0.0,0.0,66.0,9,0.11656207691921987,0.10078136496707933,-0.010221597514454664,-0.06724735206878069,5681.145965906685,1.7035995857424442,3.496862307576596,-4.003638352766927
Huadi Nickel-Alloy Indonesia,Shanghai Huadi Industry Co. Ltd.,-5.57950003433346,120.065774009083,522000.0,0.0,0.0,390.0,0.0,0.0,60.0,1,0.011839281673536721,0.009023009127637685,0.004609156177754315,0.0020624020863171852,202.84701035068872,0.06054400063999313,0.08749584608618362,-1.5390675569141994
Huadi Nickel-Alloy Indonesia,Shanghai Huadi Industry Co. Ltd.,-5.57950003433346,120.065774009083,522000.0,0.0,0.0,390.0,0.0,0.0,66.0,9,-0.0007655886532541066,-0.0009647979456824711,-0.00032420335826576966,-0.002527223768650036,2028.470103506887,0.6054400063999312,0.8749584608618362,-0.45861103968655437
Huake Nickel Indonesia,Zheijhang Huayou Cobalt,0.487095939709902,127.993195587294,3600000.0,250.0,0.0,0.0,0.0,0.0,60.0,1,22.60267263899407,0.14634297597276835,0.08386578238439417,0.0060788620788688385,1088.5553410454404,0.10131436798114733,0.197000159963342,-0.8729921374375527
Huake Nickel Indonesia,Zheijhang Huayou Cobalt,0.487095939709902,127.993195587294,3600000.0,250.0,0.0,0.0,0.0,0.0,66.0,9,-0.0005628575998952629,-0.03996288959256366,-0.0014071439997381573,-0.00028142879994763143,10885.553410454404,1.0131436798114732,1.97000159963342,-0.7649234782576622
Huayue Nickel Cobalt,Zhiejhang Huayou Cobalt Co. Ltd.,-2.85111166723729,122.180043120576,8000000.0,250.0,0.0,0.0,0.0,0.0,60.0,1,0.7633115255860115,3.27759026995996,12.82455711896648,10.332728713580353,2522.1204407934547,0.7563057460437119,1.5524170576686718,-0.08709457749177062
Huayue Nickel Cobalt,Zhiejhang Huayou Cobalt Co. Ltd.,-2.85111166723729,122.180043120576,8000000.0,250.0,0.0,0.0,0.0,0.0,66.0,9,0.5174723525562239,0.4474145571332275,-0.04537834476262271,-0.29854174185935994,25221.204407934543,7.563057460437119,15.524170576686718,-17.773981143338855
GO STAL Nickel Indonesia,PT Trinitan Resourcetama Indonesia,-6.44227180460602,106.935760532311,300000.0,0.0,0.0,0.0,0.0,0.0,60.0,1,0.0,0.0,0.0,0.0,0.0,0.0,0.0,0.0
GO STAL Nickel Indonesia,PT Trinitan Resourcetama Indonesia,-6.44227180460602,106.935760532311,300000.0,0.0,0.0,0.0,0.0,0.0,66.0,9,0.0,0.0,0.0,0.0,0.0,0.0,0.0,0.0
Indonesia Guang Ching Nickel and SSI,Indonesia Guang Ching Nickel SSI,-2.82831965030396,122.162319664885,7200000.0,300.0,0.0,0.0,0.0,0.0,60.0,1,0.6885425539682036,2.9565391058480337,11.56834793687296,9.320602636580428,2275.0701273456066,0.6822230144657838,1.4003525033771353,-0.07856336608690184
Indonesia Guang Ching Nickel and SSI,Indonesia Guang Ching Nickel SSI,-2.82831965030396,122.162319664885,7200000.0,300.0,0.0,0.0,0.0,0.0,66.0,9,0.4667841677923784,0.4035887727681795,-0.040933380867947025,-0.26929855834175676,22750.701273456067,6.822230144657838,14.003525033771352,-16.03295896943483
Indonesia Ruipu Nickel and Chrome Alloy,Ruipu Technology Group Co. Ltd.,-2.82843198390823,122.165753669219,3600000.0,0.0,0.0,0.0,0.0,0.0,60.0,1,0.34420676986407955,1.4779925652173713,5.783090170776448,4.65942810394857,1137.321920387878,0.3410475921682057,0.7000450576084223,-0.03927432271915969
Indonesia Ruipu Nickel and Chrome Alloy,Ruipu Technology Group Co. Ltd.,-2.82843198390823,122.165753669219,3600000.0,0.0,0.0,0.0,0.0,0.0,66.0,9,0.23334835253614072,0.20175657557740168,-0.02046285553009234,-0.1346240495400812,11373.21920387878,3.410475921682057,7.000450576084222,-8.014977413418274
Indonesia Tsingshan Stainless Steel,Indonesia Tsingshan Stainless Steel,-2.83238130604301,122.161456778463,8100000.0,1400.0,0.0,0.0,0.0,0.0,60.0,1,0.7744797474124534,3.32554559876624,13.012196757475191,10.48390972222177,2559.022281800191,0.7673714643740412,1.5751309005572427,-0.08836888231844223
Indonesia Tsingshan Stainless Steel,Indonesia Tsingshan Stainless Steel,-2.83238130604301,122.161456778463,8100000.0,1400.0,0.0,0.0,0.0,0.0,66.0,9,0.5250436335190809,0.4539608031349592,-0.04604228786244247,-0.3029097885687005,25590.22281800191,7.6737146437404125,15.751309005572427,-18.034037172226153
Kolaka Nickel Indonesia,PT Kolaka Indonesia Ltd.,-4.23163100235464,121.584765653255,5226000.0,0.0,0.0,0.0,0.0,0.0,60.0,1,0.2607167481885906,0.19869867644857941,0.10149975680057303,0.045416840331103873,4466.961288421694,1.333259517295663,1.926775044349861,-33.89231709708626
Kolaka Nickel Indonesia,PT Kolaka Indonesia Ltd.,-4.23163100235464,121.584765653255,5226000.0,0.0,0.0,0.0,0.0,0.0,66.0,9,-0.016859281638061285,-0.02124613553367927,-0.007139389673260646,-0.055652832754212504,44669.612884216935,13.332595172956628,19.26775044349861,-10.099225801657017
Lestari Smelter Indonesia,Merdeka Battery Materials,-2.85057947264716,122.168994610921,2520000.0,350.0,0.0,0.0,0.0,0.0,60.0,1,0.24060256320974688,1.0331255243372215,4.042414153885912,3.2569677387351947,794.9947333924058,0.23839427935884394,0.4893356260523638,-0.02745298332827108
Lestari Smelter Indonesia,Merdeka Battery Materials,-2.85057947264716,122.168994610921,2520000.0,350.0,0.0,0.0,0.0,0.0,66.0,9,0.16311187535078794,0.1410290368417582,-0.014303656761530633,-0.09410300501006996,7949.947333924058,2.383942793588439,4.893356260523638,-5.6025165062795255
Macika Mineral Industri,Macika Mineral Industri,-4.45508381223903,122.360989755698,1105056.0,0.0,0.0,3.0,0.0,0.0,60.0,1,0.04882199736704965,0.037208450649252614,0.019006914184466702,0.00850478871982917,836.486239481183,0.24966709310104573,0.3608092184169951,-6.346698582172517
Macika Mineral Industri,Macika Mineral Industri,-4.45508381223903,122.360989755698,1105056.0,0.0,0.0,3.0,0.0,0.0,66.0,9,-0.003157080661148707,-0.003978565935223115,-0.0013369270146701157,-0.010421587692669456,8364.86239481183,2.496670931010457,3.6080921841699505,-1.8911879613544371
Mapan Asri Sejahtera,Mapan Asri Sejahtera,-4.27126551488023,121.565690265067,210000.0,3.0,0.0,0.0,0.0,0.0,60.0,1,0.01048453260823069,0.007990521387335168,0.004081738197859523,0.0018264048885337527,179.63556853771377,0.053616052599002206,0.07748384375597739,-1.3629546480683128
Mapan Asri Sejahtera,Mapan Asri Sejahtera,-4.27126551488023,121.565690265067,210000.0,3.0,0.0,0.0,0.0,0.0,66.0,9,-0.0006779836328648021,-0.0008543977414163577,-0.00028710531391723765,-0.0022380378084873825,1796.3556853771377,0.5361605259900221,0.7748384375597738,-0.4061329506870225
Megah Surya Pertiwi,Megah Surya Pertiwi,-1.52952559965166,127.422421955604,2173500.0,120.0,0.0,0.0,0.0,0.0,60.0,1,9.853944850002328,0.06380022563938056,0.03656243700102963,0.0026501632188665773,474.5706168540355,0.04416938698110963,0.08588491912993539,-0.3805928844872279
Megah Surya Pertiwi,Megah Surya Pertiwi,-1.52952559965166,127.422421955604,2173500.0,120.0,0.0,0.0,0.0,0.0,66.0,9,-0.0002453854832283868,-0.017422369309215462,-0.0006134637080709671,-0.0001226927416141934,4745.706168540355,0.44169386981109626,0.8588491912993538,-0.33347887170737767
Obsidian Stainless Steel,PT Obsidian Stainless Steel,-3.87107080589466,122.40347199787,10800000.0,1780.0,0.0,0.0,0.0,0.0,60.0,1,0.4551734587035238,0.34689894081330913,0.17720378794792413,0.07929118647161351,7798.663621237317,2.327676875587139,3.363868516977543,-59.17104790444158
Obsidian Stainless Steel,PT Obsidian Stainless Steel,-3.87107080589466,122.40347199787,10800000.0,1780.0,0.0,0.0,0.0,0.0,66.0,9,-0.0294338495235535,-0.03709265730774344,-0.012464334237015004,-0.09716173796805672,77986.63621237317,23.27676875587139,33.63868516977543,-17.63177690081845
QMB New Energy Materials Indonesia,GEM,-2.86010717942546,122.171462609067,4450000.0,0.0,0.0,0.0,0.0,0.0,60.0,1,0.424562359551944,1.8230321592358716,7.133161295392434,5.747178623930623,1402.8314384423618,0.42066566705709935,0.8634716323803618,-0.04844297260636492
QMB New Energy Materials Indonesia,GEM,-2.86010717942546,122.171462609067,4450000.0,0.0,0.0,0.0,0.0,0.0,66.0,9,0.2878238774601206,0.2488569525116735,-0.025239940023425958,-0.1660522369962234,14028.314384423617,4.206656670570993,8.634716323803618,-9.886085981807156
Ranger Nickel Industry,Nickel Industries,-2.85105650826125,122.163937924412,1800000.0,0.0,0.0,0.0,0.0,0.0,60.0,1,0.17190079259246568,0.7381263695277235,2.8881412889779203,2.3269716177071467,567.9915581691291,0.17032306316525075,0.34961049807604105,-0.019614045379240455
Ranger Nickel Industry,Nickel Industries,-2.85105650826125,122.163937924412,1800000.0,0.0,0.0,0.0,0.0,0.0,66.0,9,0.11653683269201366,0.10075953841986413,-0.010219383789915043,-0.06723278809154634,5679.915581691291,1.7032306316525074,3.49610498076041,-4.002771271818303
Sinar Deli Bantaeng,Sinar Deli Bantaeng,-5.58047426678859,120.068267466755,2400000.0,0.0,0.0,23.0,0.0,0.0,60.0,1,0.054489300477487866,0.041527642396237865,0.021213254557385576,0.009492032547711513,933.5863444033539,0.278648682745319,0.40269228990291267,-7.0834292887297154
Sinar Deli Bantaeng,Sinar Deli Bantaeng,-5.58047426678859,120.068267466755,2400000.0,0.0,0.0,23.0,0.0,0.0,66.0,9,-0.0035235575366504854,-0.004440401589554438,-0.0014921187527652568,-0.011631335337820736,9335.863444033539,2.78648682745319,4.026922899029127,-2.1107188284598646
Smelter Nikel Indonesia,Smelter Nikel Indonesia,-6.211031,106.456376,2401920.0,0.0,0.0,2.0,0.0,0.0,60.0,1,0.0,0.0,0.0,0.0,0.0,0.0,0.0,0.0
Smelter Nikel Indonesia,Smelter Nikel Indonesia,-6.211031,106.456376,2401920.0,0.0,0.0,2.0,0.0,0.0,66.0,9,0.0,0.0,0.0,0.0,0.0,0.0,0.0,0.0
Sulawesi Mining Investment,Sulawesi Mining Investment,-2.82450203373249,122.162005624412,3000000.0,640.0,0.0,0.0,0.0,0.0,60.0,1,0.2869532876050021,1.232151319430323,4.8211624009480385,3.884404171699335,948.1459770515509,0.2843195903470505,0.5836033696597352,-0.032741645456807716
Sulawesi Mining Investment,Sulawesi Mining Investment,-2.82450203373249,122.162005624412,3000000.0,640.0,0.0,0.0,0.0,0.0,66.0,9,0.19453445655324508,0.16819748397372883,-0.01705917542082303,-0.11223141724225678,9481.459770515508,2.843195903470505,5.836033696597353,-6.681809656934999
Sulawesi Resources,Sulawesi Resources,-2.70055948941961,121.98016583085,2400000.0,60.0,0.0,0.0,0.0,0.0,60.0,1,0.23094590832511075,0.9916607265065509,3.8801706687622124,3.1262483772962164,763.087385137012,0.2288262545983054,0.46969599628073216,-0.02635114974005749
Sulawesi Resources,Sulawesi Resources,-2.70055948941961,121.98016583085,2400000.0,60.0,0.0,0.0,0.0,0.0,66.0,9,0.15656533209357737,0.13536879482552383,-0.013729575275898322,-0.09032615313091003,7630.87385137012,2.288262545983054,4.6969599628073215,-5.3776578528018595
Teluk Metal Industry,Teluk Metal Industry,-2.83606038957607,122.118785655752,8000000.0,0.0,0.0,0.0,0.0,0.0,60.0,1,0.7661806045991049,3.289909834308005,12.872761117529183,10.371566611484962,2531.600400918017,0.7591484922498433,1.5582521683023098,-0.08742194216013985
Teluk Metal Industry,Teluk Metal Industry,-2.83606038957607,122.118785655752,8000000.0,0.0,0.0,0.0,0.0,0.0,66.0,9,0.5194173894341032,0.4490962659414862,-0.04554890953499059,-0.29966387851967496,25316.004009180167,7.591484922498432,15.582521683023097,-17.84078867154737
Titan Mineral Utama,Titan Mineral Utama,-5.56626059272201,120.048542928533,1094000.0,0.0,0.0,0.0,0.0,0.0,60.0,1,0.024716593974977767,0.018837127047904533,0.009622428535293225,0.004305629039521037,423.479002538028,0.12639630703139407,0.18266305016149853,-3.213075670742573
Titan Mineral Utama,Titan Mineral Utama,-5.56626059272201,120.048542928533,1094000.0,0.0,0.0,0.0,0.0,0.0,66.0,9,-0.001598301688913112,-0.0020141863120486667,-0.0006768318376519811,-0.005276026493503997,4234.79002538028,1.2639630703139406,1.826630501614985,-0.9574316392616758
Tsingshan Steel Indonesia,Tsingshan Steel Indonesia,-2.83150301383204,122.168885300445,1800000.0,130.0,0.0,0.0,0.0,0.0,60.0,1,0.1720464832675518,0.738751952036411,2.890589068582595,2.3289437904980756,568.4729467206587,0.17046741667102028,0.34990680264051527,-0.019630668825062755
Tsingshan Steel Indonesia,Tsingshan Steel Indonesia,-2.83150301383204,122.168885300445,1800000.0,130.0,0.0,0.0,0.0,0.0,66.0,9,0.11663560088017175,0.10084493491485619,-0.010228045000261215,-0.06728976973856063,5684.729467206586,1.7046741667102026,3.4990680264051526,-4.006163731154945
Vale Indonesia (Sorowako RKEF),PT Vale Indonesia,-2.57149,121.37843,12970000.0,0.0,0.0,0.0,0.0,365.0,28.7,1,0.35134677232405004,0.26777005742941457,0.13678297305918147,0.06120458455529476,6019.760685447687,1.7967254935739938,2.5965581326488687,-45.673921224388714
Vale Indonesia (Sorowako RKEF),PT Vale Indonesia,-2.57149,121.37843,12970000.0,0.0,0.0,0.0,0.0,365.0,31.57,9,-0.022719883660677603,-0.028631690123404937,-0.00962117522365429,-0.07499879963499188,60197.60685447687,17.967254935739938,25.965581326488685,-13.609905819388556
Virtue Dragon Nickel Industry (VDNI),Virtue Dragon Nickel Industry,-3.9072272057542,122.417022046513,10000000.0,530.0,0.0,0.0,0.0,0.0,60.0,1,0.4221376689243663,0.3217215490647595,0.16434260947896806,0.07353635407194505,7232.648606470453,2.15873766688475,3.119724112143123,-54.876504226188985
Virtue Dragon Nickel Industry (VDNI),Virtue Dragon Nickel Industry,-3.9072272057542,122.417022046513,10000000.0,530.0,0.0,0.0,0.0,0.0,66.0,9,-0.027297585981252325,-0.03440052927229247,-0.01155969202267318,-0.09010988841770538,72326.48606470453,21.5873766688475,31.197241121431226,-16.352089643157324
Walsin Nickel Industrial Indonesia,PT Walsin Nickel Industrial Indonesia,-2.8577087407882,122.159837893722,1260000.0,350.0,0.0,0.0,0.0,0.0,60.0,1,0.12030644216080026,0.5165849211264234,2.021293780526003,1.6285537263298149,397.5144181138124,0.11920225287104741,0.2446783085247815,-0.013727080488518513
Walsin Nickel Industrial Indonesia,PT Walsin Nickel Industrial Indonesia,-2.8577087407882,122.159837893722,1260000.0,350.0,0.0,0.0,0.0,0.0,66.0,9,0.08155943617492717,0.07051754327739858,-0.007152135172262843,-0.047053520870150294,3975.1441811381237,1.192022528710474,2.446783085247815,-2.8013784185252675
Wanatiara Persada,Mining Metallurgy Ltd.,-1.4590046405692,127.438374798906,2200000.0,150.0,0.0,0.0,0.0,0.0,60.0,1,10.38952292393961,0.06726787260563037,0.0385496654547651,0.002794203939003108,500.3643086993732,0.0465700656500518,0.09055290543065628,-0.40127873235127964
Wanatiara Persada,Mining Metallurgy Ltd.,-1.4590046405692,127.438374798906,2200000.0,150.0,0.0,0.0,0.0,0.0,66.0,9,-0.0002587225869447322,-0.018369303673075987,-0.0006468064673618305,-0.0001293612934723661,5003.643086993732,0.46570065650051795,0.9055290543065627,-0.3516039956578911
Wanxiang Nickel Indonesia,Wanxiang Nickel Indonesia,-2.7385893251359,122.028568769438,3500000.0,150.0,0.0,0.0,0.0,0.0,60.0,1,0.33686949908924785,1.4464869918131347,5.659815144794216,4.56010557851413,1113.0782400810301,0.3337776638869269,0.6851225732415869,-0.03843713308339979
Wanxiang Nickel Indonesia,Wanxiang Nickel Indonesia,-2.7385893251359,122.028568769438,3500000.0,150.0,0.0,0.0,0.0,0.0,66.0,9,0.22837419108052892,0.19745583905731884,-0.02002665983321561,-0.13175434100799746,11130.782400810302,3.337776638869269,6.851225732415868,-7.844126446252136
Weda Bay Nickel,Strand Minerals Indonesia,0.48075,127.99338,2700000.0,250.0,0.0,0.0,0.0,0.0,60.0,1,16.975847232667398,0.10991160396676854,0.06298780381172504,0.0045655589340042315,817.5647839986577,0.07609264890007053,0.1479579284168038,-0.6556649913556076
Weda Bay Nickel,Strand Minerals Indonesia,0.48075,127.99338,2700000.0,250.0,0.0,0.0,0.0,0.0,66.0,9,-0.0004227369383337251,-0.03001432262169448,-0.001056842345834313,-0.00021136846916686256,8175.647839986577,0.7609264890007053,1.479579284168038,-0.5744994991955324
Yashi Indonesia Investment,PT Fajar Bakti Lintas Nusantra,0.48073,127.99653,1800000.0,250.0,0.0,0.0,0.0,0.0,60.0,1,11.311384747747287,0.07323654741176618,0.041970175247512155,0.0030421335078733643,544.7616075515675,0.05070222513122274,0.09858765997737756,-0.43688417321403594
Yashi Indonesia Investment,PT Fajar Bakti Lintas Nusantra,0.48073,127.99653,1800000.0,250.0,0.0,0.0,0.0,0.0,66.0,9,-0.000281679028506793,-0.0199992110239823,-0.0007041975712669826,-0.0001408395142533965,5447.616075515675,0.5070222513122273,0.9858765997737755,-0.3828017997407317
Youshan Nickel Industry,Youshan Nickel Industry,0.48068,127.99945,1050000.0,250.0,0.0,0.0,0.0,0.0,60.0,1,6.595171072174526,0.042701010502910496,0.024470963711283322,0.0017737342824285897,317.6265395862263,0.029562238040476498,0.05748212952314874,-0.2547279511154391
Youshan Nickel Industry,Youshan Nickel Industry,0.48068,127.99945,1050000.0,250.0,0.0,0.0,0.0,0.0,66.0,9,-0.00016423465578042497,-0.011660660560410173,-0.00041058663945106247,-8.211732789021249e-05,3176.2653958622627,0.29562238040476496,0.5748212952314874,-0.22319489720559754
Huafei Nickel Cobalt,Huafei Nickel Cobalt,0.471071383571861,127.943123210915,300000.0,0.0,0.0,0.0,0.0,0.0,60.0,1,1.9050448491592047,0.012334379081639396,0.007068548012170269,0.0005123511310834826,91.7478556011883,0.008539185518058044,0.01660397184066842,-0.07357931521393347
Huafei Nickel Cobalt,Huafei Nickel Cobalt,0.471071383571861,127.943123210915,300000.0,0.0,0.0,0.0,0.0,0.0,66.0,9,-4.743991954476691e-05,-0.0033682342876784504,-0.00011859979886191727,-2.3719959772383454e-05,917.478556011883,0.08539185518058043,0.1660397184066842,-0.06447085066133823
Huashan Nickel Cobalt,PT Huashan Nickel Cobalt,0.481106064991268,127.947138326664,10400000.0,0.0,0.0,0.0,0.0,0.0,60.0,1,65.85535022568793,0.42638621059040427,0.2443520976075778,0.017711427209139867,3171.6246290678077,0.2951904534856645,0.5739814373332365,-2.5435577408681422
Huashan Nickel Cobalt,PT Huashan Nickel Cobalt,0.481106064991268,127.947138326664,10400000.0,0.0,0.0,0.0,0.0,0.0,66.0,9,-0.001639946963809247,-0.11643623443045653,-0.004099867409523118,-0.0008199734819046235,31716.246290678075,2.9519045348566446,5.739814373332365,-2.2286879238167665
Vale Indonesia Huayou (Sorowako HPAL),Vale Indonesia,-2.56850483849486,121.374867432,300000.0,0.0,0.0,0.0,0.0,0.0,28.7,1,0.00810742697293613,0.006178870441267721,0.0031563061128553724,0.0014123132437183362,138.90769460892054,0.04145995317733753,0.05991631943047487,-1.0539387581248083
Vale Indonesia Huayou (Sorowako HPAL),Vale Indonesia,-2.56850483849486,121.374867432,300000.0,0.0,0.0,0.0,0.0,0.0,31.57,9,-0.0005242677950166551,-0.0006606844151485398,-0.00022201136217542028,-0.0017306186906927339,1389.0769460892052,0.4145995317733752,0.5991631943047486,-0.31405245822910954
Antam HKBCL HPAL,ANTAM,0.843094760616897,128.249473362336,300000.0,0.0,0.0,0.0,0.0,0.0,60.0,1,1.602311675528954,0.010374306736995494,0.0059452757838935714,0.00043093274138288973,77.16808362774826,0.007182212356381496,0.013965412915186243,-0.06188672980415389
Antam HKBCL HPAL,ANTAM,0.843094760616897,128.249473362336,300000.0,0.0,0.0,0.0,0.0,0.0,66.0,9,-3.9901179757674975e-05,-0.002832983762794923,-9.975294939418744e-05,-1.9950589878837488e-05,771.6808362774825,0.07182212356381495,0.13965412915186243,-0.05422570329068029
Sambas Minerals Mining,Sambas Minerals Mining,-4.45935420048957,122.359915890572,2970000.0,0.0,3.0,0.0,0.0,0.0,60.0,1,0.13122602174381578,0.10001059393870487,0.051087662704619806,0.02285956432884683,2248.3463883156123,0.6710667558657687,0.9697996987995625,-17.058949880401943
Sambas Minerals Mining,Sambas Minerals Mining,-4.45935420048957,122.359915890572,2970000.0,0.0,3.0,0.0,0.0,0.0,66.0,9,-0.008485747364496171,-0.010693773464441603,-0.0035934542410876644,-0.028011625228719503,22483.463883156124,6.710667558657686,9.697996987995625,-5.0832224391096705
Asia Mining Minerals,Asia Mining Minerals,-4.28249428949051,121.579914856684,2000000.0,24.0,1.5,0.0,0.0,0.0,60.0,1,0.09987724233946592,0.0761189144850433,0.038883255018333805,0.017398609025152757,1711.235577401355,0.5107546210035373,0.7381228071276926,-12.983711985020243
Asia Mining Minerals,Asia Mining Minerals,-4.28249428949051,121.579914856684,2000000.0,24.0,1.5,0.0,0.0,0.0,66.0,9,-0.006458574562367311,-0.00813912202502411,-0.0027350086156963612,-0.02131988643801862,17112.355774013547,5.107546210035373,7.381228071276926,-3.8688838743242138
Surya Saga Utama,Surya Saga Utama,-5.12133354679023,121.883441022571,3500000.0,30.0,10.0,0.0,0.0,0.0,60.0,1,0.15053923469322233,0.11472967078236344,0.05860649849488695,0.026223924750254504,2579.247165497901,0.769831124297244,1.112530140919888,-19.56960384487742
Surya Saga Utama,Surya Saga Utama,-5.12133354679023,121.883441022571,3500000.0,30.0,10.0,0.0,0.0,0.0,66.0,9,-0.00973463873304902,-0.012267631464607692,-0.004122321504301371,-0.032134241123891405,25792.471654979006,7.698311242972439,11.12530140919888,-5.831346600241251
Integra Mining Nusantara,Integra Mining Nusantara,-4.43789965420115,122.485019596937,923760.0,0.0,4.0,0.0,0.0,0.0,60.0,1,0.03920109382750037,0.02987612231657072,0.015261395815391102,0.006828827958073308,671.6475631422204,0.2004674874055611,0.28970785276674643,-5.096012863712206
Integra Mining Nusantara,Integra Mining Nusantara,-4.43789965420115,122.485019596937,923760.0,0.0,4.0,0.0,0.0,0.0,66.0,9,-0.0025349437117090307,-0.003194546412204748,-0.0010734710615910692,-0.008367900925896649,6716.475631422204,2.004674874055611,2.897078527667464,-1.5185088836314147
Genba Multi Mineral,Genba Multi Mineral,-2.14061,121.54069,4124000.0,700.0,0.0,0.0,0.0,0.0,60.0,1,0.3554853327114131,1.5264216883321733,5.9725836719317416,4.812102767273081,1174.588348244047,0.35222263879416194,0.7229833112090692,-0.04056121756219086
Genba Multi Mineral,Genba Multi Mineral,-2.14061,121.54069,4124000.0,700.0,0.0,0.0,0.0,0.0,66.0,9,0.24099443706968973,0.2083674978971779,-0.021133358327649714,-0.13903525215559023,11745.88348244047,3.522226387941619,7.229833112090692,-8.27760277233522
Angkasa Jaya Mulia,PT Batulicin Enam Sembilan,-6.80679180785876,111.981989012801,1400000.0,0.0,3.0,0.0,0.0,0.0,60.0,1,0.0,0.0,0.0,0.0,0.0,0.0,0.0,0.0
Angkasa Jaya Mulia,PT Batulicin Enam Sembilan,-6.80679180785876,111.981989012801,1400000.0,0.0,3.0,0.0,0.0,0.0,66.0,9,0.0,0.0,0.0,0.0,0.0,0.0,0.0,0.0
Teka Mining Resources,Teka Mining Resources,0.45996536934158,127.92242429557,3000000.0,0.0,14.0,0.0,0.0,0.0,60.0,1,19.152480132788142,0.12400440357907505,0.07106406205108531,0.005150952148669271,922.3924478225368,0.08584920247782118,0.16692900481798567,-0.7397339613505592
Teka Mining Resources,Teka Mining Resources,0.45996536934158,127.92242429557,3000000.0,0.0,14.0,0.0,0.0,0.0,66.0,9,-0.00047694001376567325,-0.0338627409773628,-0.0011923500344141833,-0.00023847000688283663,9223.924478225368,0.8584920247782118,1.6692900481798565,-0.6481614787075499
First Pacific Mining,First Pacific Mining,-2.629209261240042,122.32511978235469,620000.0,41.0,0.0,0.0,0.0,0.0,60.0,1,0.004674857087446395,3.026777007087339e-05,1.7345760540615905e-05,1.2572766029439715e-06,0.22514331523718353,2.0954610049066194e-05,4.0745075095406487e-05,-0.00018055888992278703
First Pacific Mining,First Pacific Mining,-2.629209261240042,122.32511978235469,620000.0,41.0,0.0,0.0,0.0,0.0,66.0,9,-1.1641450027258996e-07,-8.265429519353888e-06,-2.910362506814749e-07,-5.820725013629498e-08,2.251433152371835,0.00020954610049066192,0.00040745075095406484,-0.00015820730587044976
Kinlin Nickel Industri,Kinlin Nickel Industri,-4.45663313945751,122.352577613714,123675.0,2.0,2.0,0.0,0.0,0.0,60.0,1,0.005477608575893418,0.004174620854606992,0.00213249030668236,0.0009541990524815984,93.84999479950308,0.028011525214895406,0.04048117192346175,-0.7120710429143927
Kinlin Nickel Industri,Kinlin Nickel Industri,-4.45663313945751,122.352577613714,123675.0,2.0,2.0,0.0,0.0,0.0,66.0,9,-0.0003542102543302903,-0.0004463772082631719,-0.000149997199537827,-0.0011692552783249888,938.4999479950308,0.28011525214895405,0.40481171923461745,-0.2121827855148948
Mahkota Konaweeha,Mahkota Konaweeha,-4.00619632489727,122.636653236766,1343628.0,0.0,3.0,0.0,0.0,0.0,60.0,1,0.05297746646631478,0.04037543633691426,0.020624681765176983,0.009228671162723261,907.6835052135046,0.27091742996630785,0.39151938266098685,-6.886895855182233
Mahkota Konaweeha,Mahkota Konaweeha,-4.00619632489727,122.636653236766,1343628.0,0.0,3.0,0.0,0.0,0.0,66.0,9,-0.0034257945982836347,-0.004317200335592131,-0.0014507191411099066,-0.011308617883109752,9076.835052135046,2.7091742996630783,3.915193826609868,-2.05215583563511
Ocean Sky Metal Industry,Ocean Sky Metal Industry,-2.86157384070335,122.158853566739,300000.0,0.0,0.0,0.0,0.0,0.0,60.0,1,0.028638711830657193,0.12297202399542728,0.48116500717569544,0.38767401006476815,94.62752504705207,0.028375861742933186,0.058245189893389164,-0.003267704499659885
Ocean Sky Metal Industry,Ocean Sky Metal Industry,-2.86157384070335,122.158853566739,300000.0,0.0,0.0,0.0,0.0,0.0,66.0,9,0.019415063297796388,0.01678656242055626,-0.0017025517045759907,-0.011200998056420993,946.2752504705207,0.28375861742933184,0.5824518989338916,-0.6668626202870802
Zhao Hui Nickel,PT Merdeka Industri Mineral,-2.85963986226067,122.155000831011,300000.0,0.0,0.0,0.0,0.0,0.0,60.0,1,0.028647815753308322,0.12301111541131661,0.4813179640905755,0.38779724724884096,94.65760606723867,0.02838488210851367,0.05826370538063333,-0.0032687432659698904
Zhao Hui Nickel,PT Merdeka Industri Mineral,-2.85963986226067,122.155000831011,300000.0,0.0,0.0,0.0,0.0,0.0,66.0,9,0.019421235126877774,0.016791898678931244,-0.0017030929265108201,-0.01120455872704487,946.5760606723867,0.2838488210851367,0.5826370538063332,-0.6670746083733433
Sunny Metal Industry,Sunny Metal Industry,0.487106858706739,127.981324757247,300000.0,380.0,0.0,0.0,0.0,0.0,60.0,1,1.8871860349428602,0.012218750630902301,0.007002284015401703,0.0005075481031297878,90.88776671212474,0.008459135052163131,0.016448318156983867,-0.07288954703280565
Sunny Metal Industry,Sunny Metal Industry,0.487106858706739,127.981324757247,300000.0,380.0,0.0,0.0,0.0,0.0,66.0,9,-4.699519473423962e-05,-0.0033366588261310127,-0.00011748798683559905,-2.349759736711981e-05,908.8776671212473,0.0845913505216313,0.16448318156983865,-0.06386646964383164
Obi Nickel Cobalt,Lygend New Power Ltd /Harita Nickel.,-1.53389444850468,127.41908725139,300000.0,1520.0,0.0,0.0,0.0,0.0,60.0,1,1.3563704355452268,0.008781938721561845,0.005032726421202749,0.0003647882238187228,65.32343787971607,0.006079803730312047,0.011821840586717869,-0.05238764214285546
Obi Nickel Cobalt,Lygend New Power Ltd /Harita Nickel.,-1.53389444850468,127.41908725139,300000.0,1520.0,0.0,0.0,0.0,0.0,66.0,9,-3.377668739062248e-05,-0.002398144804734196,-8.44417184765562e-05,-1.688834369531124e-05,653.2343787971606,0.060798037303120465,0.11821840586717867,-0.045902518163855946
Perkasa Metal Industry,Eternal Tsingshan Group,0.488145455865328,127.970546796433,1800000.0,206.0,0.0,0.0,0.0,0.0,60.0,1,11.339716516638898,0.07341998392126188,0.042075298477953924,0.0030497531782678012,546.1260788617003,0.050829219637796685,0.09883459374016024,-0.43797844254568147
Perkasa Metal Industry,Eternal Tsingshan Group,0.488145455865328,127.970546796433,1800000.0,206.0,0.0,0.0,0.0,0.0,66.0,9,-0.00028238455354331497,-0.02004930330157536,-0.0007059613838582873,-0.00014119227677165749,5461.260788617003,0.5082921963779669,0.9883459374016023,-0.383760608265365
Halmahera Jaya Feronikel,Harita Nickel,-1.56014879697201,127.427420671122,8700000.0,1074.0,0.0,0.0,0.0,0.0,60.0,1,38.754503016445625,0.25091941091903935,0.14379612394975716,0.010422806299713941,1866.4350858815528,0.17371343832856567,0.3377761300833222,-1.4968307935978076
Halmahera Jaya Feronikel,Harita Nickel,-1.56014879697201,127.427420671122,8700000.0,1074.0,0.0,0.0,0.0,0.0,66.0,9,-0.0009650746573809204,-0.06852030067404535,-0.0024126866434523012,-0.0004825373286904602,18664.350858815527,1.7371343832856567,3.3777613008332215,-1.3115364593806709
Alchemist Metal Industry,Gunbuster Nickel Industry,-2.629209261240042,122.32511978235469,3031621.0,2202.0,0.0,0.0,0.0,0.0,60.0,1,0.022858701481131175,0.00014800065704843751,8.48157611546815e-05,6.147719600473559e-06,1.1008858104559123,0.00010246199334122599,0.00019923165371905053,-0.0008828808426235638
Alchemist Metal Industry,Gunbuster Nickel Industry,-2.629209261240042,122.32511978235469,3031621.0,2202.0,0.0,0.0,0.0,0.0,66.0,9,-5.692332963401444e-07,-4.0415564040150244e-05,-1.423083240850361e-06,-2.846166481700722e-07,11.008858104559122,0.0010246199334122599,0.0019923165371905052,-0.0007735880497262561
Karunia Permai Sentosa,PT Karunia Permai Sentosa,-1.56863134432775,127.428752314741,300000.0,0.0,0.0,0.0,0.0,0.0,60.0,1,1.3297648063148235,0.008609678253899798,0.004934007922427192,0.0003576327890081454,64.04209826721973,0.005960546483469091,0.011589951495634342,-0.051360042199225325
Karunia Permai Sentosa,PT Karunia Permai Sentosa,-1.56863134432775,127.428752314741,300000.0,0.0,0.0,0.0,0.0,0.0,66.0,9,-3.311414713038383e-05,-0.002351104446257252,-8.278536782595959e-05,-1.6557073565191916e-05,640.4209826721973,0.059605464834690904,0.11589951495634342,-0.04500212595019163
PT Metal Smelt Indo Selaras,PT Metal Smelt Indo Selaras,-3.04298747012378,122.264709376272,300000.0,130.0,0.0,0.0,0.0,0.0,60.0,1,0.02790358776620808,0.11981546812002365,0.4688140335063058,0.3777228469103198,92.19854111674543,0.027647484749580387,0.05675010027545449,-0.003183826138530626
PT Metal Smelt Indo Selaras,PT Metal Smelt Indo Selaras,-3.04298747012378,122.264709376272,300000.0,130.0,0.0,0.0,0.0,0.0,66.0,9,0.018916700091818162,0.01635566992554124,-0.0016588490849748232,-0.010913480822202785,921.9854111674542,0.27647484749580387,0.5675010027545448,-0.649744994230665
Ceria Nugraha Indotama (HPAL),Ceria Nugraha Indotama,-3.86572286265205,121.309797637587,300000.0,0.0,0.0,352.0,0.0,0.0,60.0,1,0.014182913836359117,0.010809149113160528,0.0055215566898395765,0.002470662654436692,243.0013702771746,0.07252892262077411,0.1048159914003445,-1.8437320058733813
Ceria Nugraha Indotama (HPAL),Ceria Nugraha Indotama,-3.86572286265205,121.309797637587,300000.0,0.0,0.0,352.0,0.0,0.0,66.0,9,-0.0009171399247530145,-0.0011557834766020131,-0.00038838068242091943,-0.0030274976087510223,2430.013702771746,0.7252892262077411,1.048159914003445,-0.5493948906390379
PT Huaneng Metal Industry,PT Merdeka Battery Materials,-2.83568870469587,122.163299666395,300000.0,0.0,0.0,0.0,0.0,0.0,60.0,1,0.02867654870643072,0.12313449209884782,0.48180071246546985,0.38818619697618306,94.75254498269487,0.02841335134658864,0.058322142237734576,-0.0032720217234913653
PT Huaneng Metal Industry,PT Merdeka Battery Materials,-2.83568870469587,122.163299666395,300000.0,0.0,0.0,0.0,0.0,0.0,66.0,9,0.01944071407924486,0.016808740480824015,-0.001704801080795318,-0.011215796584179726,947.5254498269487,0.2841335134658864,0.5832214223773458,-0.667743665435724
PT ESG New Energy Material,PT Merdeka Battery Materials,-2.85718814631921,122.172082174176,300000.0,0.0,0.0,0.0,0.0,0.0,60.0,1,0.02862652743106667,0.12291970529172039,0.48096029452133193,0.38750907334982726,94.58726556945221,0.028363789173459893,0.058220409356049246,-0.003266314247975276
PT ESG New Energy Material,PT Merdeka Battery Materials,-2.85718814631921,122.172082174176,300000.0,0.0,0.0,0.0,0.0,0.0,66.0,9,0.01940680311868308,0.01677942054261522,-0.001701827350407593,-0.011196232568471009,945.8726556945221,0.2836378917345989,0.5822040935604924,-0.66657890219649
Oracle Nickel,Nickel Industries,-2.86090888374523,122.155868800702,300000.0,0.0,0.0,0.0,0.0,0.0,60.0,1,0.028644240354582767,0.12299576297436095,0.4812578930663057,0.38774884810401516,94.64579229801413,0.02838133952529582,0.058256433762449315,-0.0032683353095445925
Oracle Nickel,Nickel Industries,-2.86090888374523,122.155868800702,300000.0,0.0,0.0,0.0,0.0,0.0,66.0,9,0.019418811254149772,0.016789802961280263,-0.001702880371517749,-0.011203160338932561,946.4579229801412,0.2838133952529582,0.5825643376244931,-0.6669913539386889
PT Andalan Metal Industry,PT Andalan Metal Industry,0.484250049328921,127.986313601741,1800000.0,0.0,0.0,0.0,0.0,0.0,60.0,1,11.321362294063167,0.07330114790588002,0.04200719629990816,0.0030448169130134774,545.2421308731301,0.05074694855022463,0.09867462218099232,-0.43726954000776885
PT Andalan Metal Industry,PT Andalan Metal Industry,0.484250049328921,127.986313601741,1800000.0,0.0,0.0,0.0,0.0,0.0,66.0,9,-0.00028192749194569237,-0.020016851928144157,-0.000704818729864231,-0.00014096374597284618,5452.421308731301,0.5074694855022462,0.9867462218099232,-0.3831394615541959
PT Langit Metal Industry,PT Langit Metal Industry,0.485177317918801,127.984867275989,3600000.0,0.0,0.0,0.0,0.0,0.0,60.0,1,22.64326376419871,0.14660578675428107,0.08401639317841492,0.006089778834408598,1090.510228719402,0.10149631390680998,0.19735394370768608,-0.874559904830346
PT Langit Metal Industry,PT Langit Metal Industry,0.485177317918801,127.984867275989,3600000.0,0.0,0.0,0.0,0.0,0.0,66.0,9,-0.0005638684105933887,-0.0400346571521306,-0.001409671026483472,-0.00028193420529669437,10905.10228719402,1.0149631390680998,1.9735394370768606,-0.7662971699964153
PT Lipe Metal Industry,Tsingshan Holding Group,0.483352214536535,127.990803625506,3600000.0,0.0,0.0,0.0,0.0,0.0,60.0,1,22.630763233448373,0.1465248509773284,0.08397001075239205,0.006086416886750564,1089.908197281283,0.10144028144584274,0.19724499170024978,-0.8740770917916783
PT Lipe Metal Industry,Tsingshan Holding Group,0.483352214536535,127.990803625506,3600000.0,0.0,0.0,0.0,0.0,0.0,66.0,9,-0.0005635571191435708,-0.04001255545919352,-0.001408892797858927,-0.0002817785595717854,10899.08197281283,1.0144028144584274,1.9724499170024978,-0.7658741249161127
PT Mazinger Nickel Industry,PT Mazinger Nickel Industry,-2.0169409880138,121.420463318436,2789000.0,0.0,0.0,0.0,0.0,0.0,60.0,1,0.22704664571296648,0.9749176474763069,3.814658339372317,3.0734651801299457,750.2035105871543,0.22496277996174194,0.4617657062372598,-0.025906240134541653
PT Mazinger Nickel Industry,PT Mazinger Nickel Industry,-2.0169409880138,121.420463318436,2789000.0,0.0,0.0,0.0,0.0,0.0,66.0,9,0.1539219020790866,0.13308324456684104,-0.013497766797704515,-0.08880109735331919,7502.035105871542,2.249627799617419,4.617657062372598,-5.286862132027211
PT Infei Metal Industry,PT Infei Metal Industry,0.4823857761,127.9905995,1800000.0,0.0,0.0,0.0,0.0,0.0,60.0,1,11.318230043934514,0.0732808678791487,0.041995574284589055,0.0030439745119030994,545.0912802342922,0.05073290853171833,0.09864732214500786,-0.4371485618483062
PT Infei Metal Industry,PT Infei Metal Industry,0.4823857761,127.9905995,1800000.0,0.0,0.0,0.0,0.0,0.0,66.0,9,-0.00028184949184287955,-0.02001131392084445,-0.000704623729607199,-0.00014092474592143978,5450.912802342922,0.5073290853171832,0.9864732214500785,-0.3830334594144733
PT Kao Rahai Smelters,PT Kao Rahai Smelters,0.47487682499693,127.959619795786,1800000.0,0.0,0.0,0.0,0.0,0.0,60.0,1,11.392763791713575,0.07376344313184574,0.04227212702555775,0.003064019945476669,548.6808605697194,0.05106699909127782,0.09929694267748466,-0.44002730883651053
PT Kao Rahai Smelters,PT Kao Rahai Smelters,0.47487682499693,127.959619795786,1800000.0,0.0,0.0,0.0,0.0,0.0,66.0,9,-0.00028370555050709903,-0.020143094086004027,-0.0007092638762677475,-0.00014185277525354952,5486.808605697193,0.5106699909127782,0.9929694267748466,-0.38555584313914754
PT Maluku Utara Metal Industry,PT Maluku Utara Metal Industry,0.581864352141389,127.946949735709,1800000.0,0.0,0.0,0.0,0.0,0.0,60.0,1,11.12009363818527,0.07199801643370199,0.041260401725467674,0.0029906868364768515,535.5489377786575,0.04984478060794753,0.09692040673767575,-0.4294958595718145
PT Maluku Utara Metal Industry,PT Maluku Utara Metal Industry,0.581864352141389,127.946949735709,1800000.0,0.0,0.0,0.0,0.0,0.0,66.0,9,-0.0002769154478219307,-0.01966099679535708,-0.0006922886195548268,-0.00013845772391096536,5355.4893777865755,0.49844780607947525,0.9692040673767575,-0.3763280935900038
PT Jiu Long Metal Industry,ANTAM,0.487616462055293,127.985763953548,1800000.0,0.0,0.0,0.0,0.0,0.0,60.0,1,11.31371810927947,0.07325165496458058,0.041978833037394254,0.0030427610523748854,544.8739833399983,0.050712684206248096,0.09860799706770462,-0.43697429557717105
PT Jiu Long Metal Industry,ANTAM,0.487616462055293,127.985763953548,1800000.0,0.0,0.0,0.0,0.0,0.0,66.0,9,-0.00028173713447915606,-0.02000333654802008,-0.0007043428361978902,-0.00014086856723957803,5448.739833399983,0.5071268420624809,0.9860799706770462,-0.3828807657571731
PT Sungai Raya Nickel Alloy Indonesia,PT Sungai Raya Nickel Alloy Indonesia,-4.16161494641504,122.678787600165,6000000.0,0.0,0.0,0.0,0.0,0.0,60.0,1,0.23561182644975473,0.1795655952157484,0.09172614820544724,0.0410435646207425,4036.828915509782,1.2048773704952815,1.7412421354254393,-30.628760098229083
PT Sungai Raya Nickel Alloy Indonesia,PT Sungai Raya Nickel Alloy Indonesia,-4.16161494641504,122.678787600165,6000000.0,0.0,0.0,0.0,0.0,0.0,66.0,9,-0.015235868684972592,-0.01920030390402158,-0.006451923983942475,-0.05029391346519014,40368.28915509782,12.048773704952815,17.41242135425439,-9.126751746442
PT Guang Tsing Halmahera Nickel,PT Guang Tsing Halmahera Nickel,-2.629209261240042,122.32511978235469,10800000.0,0.0,0.0,0.0,0.0,0.0,60.0,1,0.0,0.0,0.0,0.0,0.0,0.0,0.0,0.0
PT Guang Tsing Halmahera Nickel,PT Guang Tsing Halmahera Nickel,-2.629209261240042,122.32511978235469,10800000.0,0.0,0.0,0.0,0.0,0.0,66.0,9,0.0,0.0,0.0,0.0,0.0,0.0,0.0,0.0
PT MBG Nikel Indonesia,PT MBG Nikel Indonesia,-2.629209261240042,122.32511978235469,1314800.0,0.0,0.0,0.0,0.0,0.0,60.0,1,0.03357628550867718,0.025589316900377527,0.013071599109283757,0.005848986720086291,575.2755379863963,0.17170320863889682,0.24813883054911542,-4.364806339864395
PT MBG Nikel Indonesia,PT MBG Nikel Indonesia,-2.629209261240042,122.32511978235469,1314800.0,0.0,0.0,0.0,0.0,0.0,66.0,9,-0.00217121476730476,-0.0027361737118585493,-0.000919442988195383,-0.007167224257378467,5752.755379863963,1.717032086388968,2.481388305491154,-1.3006241113737338
PT Westrong Metal Industry,Harum Energy,0.484250049328921,127.986313601741,300000.0,0.0,0.0,0.0,0.0,0.0,60.0,1,1.8868937156771945,0.012216857984313335,0.007001199383318026,0.0005074694855022462,90.87368847885502,0.00845782475837077,0.01644577036349872,-0.07287825666796147
PT Westrong Metal Industry,Harum Energy,0.484250049328921,127.986313601741,300000.0,0.0,0.0,0.0,0.0,0.0,66.0,9,-4.6987915324282057e-05,-0.003336141988024026,-0.00011746978831070515,-2.3493957662141028e-05,908.7368847885501,0.0845782475837077,0.16445770363498718,-0.06385657692569931
PT Blue Sparking Energy,Harum Energy,0.484250049328921,127.986313601741,300000.0,0.0,0.0,0.0,0.0,0.0,60.0,1,1.8868937156771945,0.012216857984313335,0.007001199383318026,0.0005074694855022462,90.87368847885502,0.00845782475837077,0.01644577036349872,-0.07287825666796147
PT Blue Sparking Energy,Harum Energy,0.484250049328921,127.986313601741,300000.0,0.0,0.0,0.0,0.0,0.0,66.0,9,-4.6987915324282057e-05,-0.003336141988024026,-0.00011746978831070515,-2.3493957662141028e-05,908.7368847885501,0.0845782475837077,0.16445770363498718,-0.06385657692569931
PT Heng Sheng New Energy Material Indonesia,PT Heng Sheng New Energy Material Indonesia,-5.56714042615137,120.063356231334,1100000.0,0.0,0.0,0.0,0.0,0.0,60.0,1,0.02506824939707256,0.019105132334951373,0.009759331668936198,0.004366887390846028,429.5040514398529,0.12819461090551787,0.18526188930861937,-3.2587897154188483
PT Heng Sheng New Energy Material Indonesia,PT Heng Sheng New Energy Material Indonesia,-5.56714042615137,120.063356231334,1100000.0,0.0,0.0,0.0,0.0,0.0,66.0,9,-0.0016210415314504194,-0.0020428431544298655,-0.0006864614648489022,-0.0053510911777980685,4295.040514398529,1.2819461090551787,1.8526188930861935,-0.9710535010591518
PT Unity Nickel Alloy,PT Unity Nickel Indonesia,-5.56584918587481,120.068234925222,300000.0,0.0,0.0,170.0,0.0,0.0,60.0,1,0.006861647256047935,0.005229430934170482,0.0026713110399658735,0.0011952984992389672,117.56326695744049,0.03508925518599241,0.05070963330104709,-0.8919915050570791
PT Unity Nickel Alloy,PT Unity Nickel Indonesia,-5.56584918587481,120.068234925222,300000.0,0.0,0.0,170.0,0.0,0.0,66.0,9,-0.00044370929138416206,-0.0005591642600606531,-0.00018789730196370127,-0.0014646934261507798,1175.6326695744049,0.3508925518599241,0.5070963330104709,-0.2657954484766044
Dowstone Energy Materials Indonesia,PT Dowstone Energy Materials Indonesia,-5.57753334707958,120.069017936948,300000.0,0.0,0.0,80.0,0.0,0.0,60.0,1,0.006824478409095183,0.005201103637416652,0.002656840819113268,0.0011888236885523775,116.92643866916683,0.034899180251064116,0.05043494436282814,-0.8871596775822117
Dowstone Energy Materials Indonesia,PT Dowstone Energy Materials Indonesia,-5.57753334707958,120.069017936948,300000.0,0.0,0.0,80.0,0.0,0.0,66.0,9,-0.00044130576317474624,-0.0005561353240008281,-0.00018687948134440784,-0.001456759330479902,1169.2643866916683,0.34899180251064116,0.5043494436282814,-0.26435566150177014
Mitra Murni Perkasa,Mitra Murni Perkasa,-1.11363289581564,116.750163134973,300000.0,0.0,0.0,0.0,0.0,0.0,60.0,1,0.0,0.0,0.0,0.0,0.0,0.0,0.0,0.0
Mitra Murni Perkasa,Mitra Murni Perkasa,-1.11363289581564,116.750163134973,300000.0,0.0,0.0,0.0,0.0,0.0,66.0,9,0.0,0.0,0.0,0.0,0.0,0.0,0.0,0.0
Nadesico Nickel Industry,CNGR,-2.01427457604686,121.430177208944,300000.0,0.0,0.0,0.0,0.0,0.0,60.0,1,0.02446216103797102,0.10503829473646922,0.4109939008767993,0.3311372425029473,80.8274397959367,0.02423764391538639,0.04975095330000365,-0.0027911560466771274
Nadesico Nickel Industry,CNGR,-2.01427457604686,121.430177208944,300000.0,0.0,0.0,0.0,0.0,0.0,66.0,9,0.016583651100001214,0.014338479874154895,-0.0014542586349231832,-0.00956749101923147,808.2743979593669,0.2423764391538639,0.4975095330000364,-0.5696101453209648
Debonair Nickel Industry,CNGR,0.487668817784395,127.977118715487,300000.0,0.0,0.0,0.0,0.0,0.0,60.0,1,1.888208421874657,0.012225370164290431,0.007006077517227978,0.0005078230683628333,90.93700534744004,0.008463717806047223,0.016457229067314044,-0.07292903509544023
Debonair Nickel Industry,CNGR,0.487668817784395,127.977118715487,300000.0,0.0,0.0,0.0,0.0,0.0,66.0,9,-4.7020654478040116e-05,-0.0033384664679408484,-0.0001175516361951003,-2.3510327239020058e-05,909.3700534744003,0.08463717806047222,0.16457229067314041,-0.06390106943565652
Zhongtsing New Energy,Zhongtsing New Energy,-2.82268590864756,122.146086856557,300000.0,0.0,0.0,0.0,0.0,0.0,60.0,1,0.028720266179068362,0.12332221095038012,0.48253521889717593,0.38877798783701323,94.89699548247553,0.028456667574170785,0.05841105449435056,-0.0032770099290676674
Zhongtsing New Energy,Zhongtsing New Energy,-2.82268590864756,122.146086856557,300000.0,0.0,0.0,0.0,0.0,0.0,66.0,9,0.01947035149811685,0.016834365449141034,-0.0017074000544502468,-0.011232895095067415,948.9699548247553,0.28456667574170785,0.5841105449435056,-0.6687616423799335
Dingxing New Energy,CNGR,-2.82271172342708,122.137055315572,300000.0,0.0,0.0,0.0,0.0,0.0,60.0,1,0.028731615986174092,0.12337094598986102,0.48272590938806687,0.388931626913385,94.93449731435007,0.02846791321116541,0.058434137643971096,-0.0032783049529489425
Dingxing New Energy,CNGR,-2.82271172342708,122.137055315572,300000.0,0.0,0.0,0.0,0.0,0.0,66.0,9,0.019478045881323697,0.0168410181312368,-0.0017080747926699242,-0.011237334162302133,949.3449731435006,0.2846791321116541,0.584341376439711,-0.6690259266868198
Jade Bay Metal Industry,CNGR,0.489091049722045,127.977085187476,300000.0,0.0,0.0,0.0,0.0,0.0,60.0,1,1.8876061150051568,0.012221470475915552,0.007003842695813143,0.0005076610813072613,90.90799796542754,0.008461018021787689,0.016451979486809397,-0.07290577195440393
Jade Bay Metal Industry,CNGR,0.489091049722045,127.977085187476,300000.0,0.0,0.0,0.0,0.0,0.0,66.0,9,-4.7005655676598276e-05,-0.0033374015530384772,-0.00011751413919149569,-2.3502827838299138e-05,909.0799796542753,0.08461018021787689,0.16451979486809395,-0.06388068606449705
PT Meiming New Energy Material,PT Meiming New Energy,-2.86010279620949,122.145358157235,300000.0,0.0,0.0,0.0,0.0,0.0,60.0,1,0.02866003968248491,0.123063603851471,0.48152334088980964,0.38796271906442603,94.6979961577976,0.028396993844764986,0.05828856631293866,-0.0032701380280182
PT Meiming New Energy Material,PT Meiming New Energy,-2.86010279620949,122.145358157235,300000.0,0.0,0.0,0.0,0.0,0.0,66.0,9,0.019429522104312886,0.0167990637271136,-0.001703819630685899,-0.011209339675565127,946.9799615779759,0.28396993844764984,0.5828856631293866,-0.6673592469244454
